ticker,date,news_articles,news_pos,news_neg,news_neu
ITCI,2025-03-26,0.0,0.0,0.0,0.0
OMER,2026-04-01,0.0,0.0,0.0,0.0
OMER,2026-02-18,0.0,0.0,0.0,0.0
OMER,2025-12-23,0.0,0.0,0.0,0.0
OMER,2025-12-19,0.0,0.0,0.0,0.0
OMER,2025-12-10,0.0,0.0,0.0,0.0
OMER,2025-08-22,0.0,0.0,0.0,0.0
OLMA,2024-12-13,1.0,1.0,0.0,0.0
OLMA,2024-02-09,0.0,0.0,0.0,0.0
OGN,2026-04-13,1.0,1.0,0.0,0.0
OGN,2026-01-15,0.0,0.0,0.0,0.0
OGN,2026-01-08,0.0,0.0,0.0,0.0
OGN,2026-01-06,0.0,0.0,0.0,0.0
OGN,2025-11-19,1.0,0.0,0.0,1.0
OGN,2025-09-12,0.0,0.0,0.0,0.0
OGN,2025-09-05,0.0,0.0,0.0,0.0
OGN,2025-06-09,3.0,0.0,3.0,0.0
OGN,2025-05-08,0.0,0.0,0.0,0.0
OCUL,2026-09-24,0.0,0.0,0.0,0.0
OGN,2024-05-03,0.0,0.0,0.0,0.0
OGN,2024-05-17,0.0,0.0,0.0,0.0
OGN,2024-07-19,0.0,0.0,0.0,0.0
OGN,2024-08-16,0.0,0.0,0.0,0.0
OGN,2024-10-30,1.0,1.0,0.0,0.0
OMER,2026-04-14,0.0,0.0,0.0,0.0
OGN,2024-11-22,0.0,0.0,0.0,0.0
OGN,2025-02-11,0.0,0.0,0.0,0.0
OGN,2025-02-13,0.0,0.0,0.0,0.0
OGN,2025-02-14,0.0,0.0,0.0,0.0
OGN,2025-02-25,0.0,0.0,0.0,0.0
OGN,2025-04-04,0.0,0.0,0.0,0.0
OGN,2025-04-28,0.0,0.0,0.0,0.0
OGN,2025-01-23,0.0,0.0,0.0,0.0
OCUL,2026-09-16,0.0,0.0,0.0,0.0
OMER,2026-06-18,1.0,1.0,0.0,0.0
OMER,2026-07-14,1.0,0.0,1.0,0.0
PGEN,2026-08-19,0.0,0.0,0.0,0.0
PGEN,2026-08-04,0.0,0.0,0.0,0.0
PGEN,2026-08-03,0.0,0.0,0.0,0.0
PGEN,2026-07-31,0.0,0.0,0.0,0.0
PGEN,2026-07-22,0.0,0.0,0.0,0.0
PGEN,2026-05-28,0.0,0.0,0.0,0.0
PGEN,2026-04-01,0.0,0.0,0.0,0.0
PGEN,2026-02-17,0.0,0.0,0.0,0.0
PGEN,2025-11-25,0.0,0.0,0.0,0.0
PGEN,2025-10-28,0.0,0.0,0.0,0.0
PGEN,2025-10-17,0.0,0.0,0.0,0.0
PGEN,2025-10-13,0.0,0.0,0.0,0.0
PGEN,2025-09-29,0.0,0.0,0.0,0.0
PCVX,2025-03-06,0.0,0.0,0.0,0.0
PCVX,2025-02-03,0.0,0.0,0.0,0.0
PCVX,2025-01-28,0.0,0.0,0.0,0.0
PCVX,2025-01-15,0.0,0.0,0.0,0.0
OMER,2026-08-13,0.0,0.0,0.0,0.0
ORIC,2024-03-12,0.0,0.0,0.0,0.0
ORIC,2025-02-11,0.0,0.0,0.0,0.0
ORIC,2025-06-20,0.0,0.0,0.0,0.0
ORIC,2025-07-18,0.0,0.0,0.0,0.0
PAHC,2025-03-03,0.0,0.0,0.0,0.0
OMER,2026-07-06,0.0,0.0,0.0,0.0
PAHC,2025-08-28,1.0,1.0,0.0,0.0
PCRX,2024-12-04,0.0,0.0,0.0,0.0
PCRX,2024-12-06,1.0,1.0,0.0,0.0
PCRX,2024-12-20,0.0,0.0,0.0,0.0
PCRX,2025-02-28,4.0,0.0,4.0,0.0
PCRX,2025-06-24,0.0,0.0,0.0,0.0
PCRX,2026-01-09,0.0,0.0,0.0,0.0
PCRX,2024-08-12,0.0,0.0,0.0,0.0
PGEN,2026-09-22,2.0,2.0,0.0,0.0
OCUL,2026-09-15,0.0,0.0,0.0,0.0
OCUL,2026-07-15,0.0,0.0,0.0,0.0
NVAX,2026-08-31,0.0,0.0,0.0,0.0
NVAX,2026-08-21,0.0,0.0,0.0,0.0
NVAX,2026-08-17,0.0,0.0,0.0,0.0
NVAX,2026-06-15,0.0,0.0,0.0,0.0
NVAX,2026-04-20,0.0,0.0,0.0,0.0
NVAX,2026-03-23,0.0,0.0,0.0,0.0
NVAX,2026-03-02,0.0,0.0,0.0,0.0
NVAX,2026-01-15,0.0,0.0,0.0,0.0
NVAX,2025-12-22,0.0,0.0,0.0,0.0
NVAX,2025-12-15,0.0,0.0,0.0,0.0
NVAX,2025-12-08,0.0,0.0,0.0,0.0
NVAX,2025-11-21,0.0,0.0,0.0,0.0
NVAX,2025-09-19,0.0,0.0,0.0,0.0
NVAX,2025-08-12,1.0,0.0,0.0,1.0
NVAX,2025-08-05,0.0,0.0,0.0,0.0
NVAX,2025-07-15,0.0,0.0,0.0,0.0
NVAX,2025-06-17,0.0,0.0,0.0,0.0
NVAX,2024-05-08,0.0,0.0,0.0,0.0
NVAX,2024-06-21,0.0,0.0,0.0,0.0
NVAX,2024-09-17,0.0,0.0,0.0,0.0
NVAX,2024-09-18,0.0,0.0,0.0,0.0
NVAX,2024-10-09,0.0,0.0,0.0,0.0
NVAX,2024-10-15,0.0,0.0,0.0,0.0
NVO,2024-02-08,0.0,0.0,0.0,0.0
NVAX,2024-11-21,1.0,0.0,1.0,0.0
NVAX,2024-12-18,0.0,0.0,0.0,0.0
NVAX,2025-02-18,0.0,0.0,0.0,0.0
NVAX,2025-04-04,0.0,0.0,0.0,0.0
NVAX,2025-04-17,0.0,0.0,0.0,0.0
NVAX,2025-04-25,0.0,0.0,0.0,0.0
NVAX,2025-05-30,2.0,1.0,0.0,1.0
NVAX,2024-12-12,0.0,0.0,0.0,0.0
OCUL,2026-08-25,0.0,0.0,0.0,0.0
NVS,2024-02-15,0.0,0.0,0.0,0.0
NVS,2024-04-15,0.0,0.0,0.0,0.0
OCUL,2026-07-09,0.0,0.0,0.0,0.0
OCUL,2026-06-23,0.0,0.0,0.0,0.0
OCUL,2026-06-11,0.0,0.0,0.0,0.0
OCUL,2026-02-04,0.0,0.0,0.0,0.0
OCUL,2026-01-12,0.0,0.0,0.0,0.0
OCUL,2025-12-16,0.0,0.0,0.0,0.0
OCUL,2025-12-05,1.0,1.0,0.0,0.0
OCUL,2025-09-02,0.0,0.0,0.0,0.0
OCUL,2025-08-11,0.0,0.0,0.0,0.0
OCUL,2025-08-01,0.0,0.0,0.0,0.0
OCUL,2025-02-24,0.0,0.0,0.0,0.0
OCUL,2024-10-18,0.0,0.0,0.0,0.0
OCUL,2024-02-13,0.0,0.0,0.0,0.0
OCEA,2024-03-11,0.0,0.0,0.0,0.0
NVS,2026-08-28,4.0,3.0,0.0,1.0
NVS,2026-07-07,3.0,2.0,0.0,1.0
NVS,2026-03-10,0.0,0.0,0.0,0.0
NVS,2024-04-16,0.0,0.0,0.0,0.0
NVS,2024-04-19,0.0,0.0,0.0,0.0
NVS,2024-05-14,0.0,0.0,0.0,0.0
NVS,2024-07-16,1.0,1.0,0.0,0.0
NVS,2024-09-26,0.0,0.0,0.0,0.0
NVS,2024-11-07,1.0,0.0,0.0,1.0
NVS,2024-03-11,0.0,0.0,0.0,0.0
NVS,2025-01-06,0.0,0.0,0.0,0.0
NVS,2025-05-08,2.0,2.0,0.0,0.0
NVS,2025-09-26,5.0,2.0,1.0,2.0
NVS,2025-10-29,8.0,5.0,0.0,3.0
NVS,2025-11-19,1.0,0.0,0.0,1.0
NVS,2025-12-22,2.0,2.0,0.0,0.0
NVS,2026-02-23,2.0,1.0,0.0,1.0
NVS,2025-03-21,3.0,2.0,1.0,0.0
NVAX,2024-02-12,0.0,0.0,0.0,0.0
PGEN,2026-09-23,3.0,3.0,0.0,0.0
PHAT,2025-08-18,0.0,0.0,0.0,0.0
QURE,2025-06-03,0.0,0.0,0.0,0.0
QURE,2025-05-22,0.0,0.0,0.0,0.0
QURE,2025-05-08,0.0,0.0,0.0,0.0
QURE,2025-03-14,0.0,0.0,0.0,0.0
QURE,2025-02-28,0.0,0.0,0.0,0.0
QURE,2024-03-18,0.0,0.0,0.0,0.0
QURE,2024-03-14,0.0,0.0,0.0,0.0
QGEN,2026-08-06,0.0,0.0,0.0,0.0
QGEN,2026-08-04,0.0,0.0,0.0,0.0
QGEN,2026-07-20,1.0,1.0,0.0,0.0
QGEN,2026-07-17,1.0,1.0,0.0,0.0
QGEN,2026-07-16,1.0,1.0,0.0,0.0
QGEN,2026-07-10,0.0,0.0,0.0,0.0
QGEN,2026-07-09,1.0,1.0,0.0,0.0
QGEN,2026-06-23,1.0,1.0,0.0,0.0
QGEN,2026-05-13,3.0,3.0,0.0,0.0
QGEN,2026-04-27,0.0,0.0,0.0,0.0
QGEN,2025-01-10,1.0,1.0,0.0,0.0
QGEN,2025-02-05,0.0,0.0,0.0,0.0
QGEN,2025-02-21,2.0,2.0,0.0,0.0
QGEN,2025-03-12,0.0,0.0,0.0,0.0
QGEN,2025-07-23,0.0,0.0,0.0,0.0
QGEN,2025-07-24,0.0,0.0,0.0,0.0
QURE,2025-07-24,0.0,0.0,0.0,0.0
QGEN,2025-10-16,0.0,0.0,0.0,0.0
QGEN,2026-01-22,3.0,3.0,0.0,0.0
QGEN,2026-02-03,1.0,1.0,0.0,0.0
QGEN,2026-03-06,0.0,0.0,0.0,0.0
QGEN,2026-03-19,0.0,0.0,0.0,0.0
QGEN,2026-04-10,1.0,1.0,0.0,0.0
QGEN,2026-04-16,0.0,0.0,0.0,0.0
QGEN,2025-11-03,1.0,1.0,0.0,0.0
QGEN,2024-10-18,0.0,0.0,0.0,0.0
QURE,2025-09-17,0.0,0.0,0.0,0.0
QURE,2026-03-05,6.0,0.0,6.0,0.0
RCUS,2024-11-29,0.0,0.0,0.0,0.0
RCUS,2024-08-16,0.0,0.0,0.0,0.0
RCKT,2026-03-26,0.0,0.0,0.0,0.0
RCKT,2026-03-04,0.0,0.0,0.0,0.0
RCKT,2026-02-27,0.0,0.0,0.0,0.0
RCKT,2026-02-26,0.0,0.0,0.0,0.0
RCKT,2025-10-14,0.0,0.0,0.0,0.0
RCKT,2024-10-16,0.0,0.0,0.0,0.0
RCKT,2024-10-02,0.0,0.0,0.0,0.0
RCKT,2024-09-30,0.0,0.0,0.0,0.0
RARE,2026-07-22,0.0,0.0,0.0,0.0
RARE,2026-07-21,0.0,0.0,0.0,0.0
RARE,2026-05-14,0.0,0.0,0.0,0.0
RARE,2026-05-06,0.0,0.0,0.0,0.0
RARE,2026-04-17,0.0,0.0,0.0,0.0
RARE,2026-04-02,8.0,0.0,8.0,0.0
RARE,2026-02-10,5.0,0.0,5.0,0.0
QURE,2026-04-17,0.0,0.0,0.0,0.0
QURE,2026-07-23,0.0,0.0,0.0,0.0
QURE,2026-07-27,0.0,0.0,0.0,0.0
QURE,2026-09-24,0.0,0.0,0.0,0.0
RARE,2024-03-12,0.0,0.0,0.0,0.0
RARE,2025-01-06,0.0,0.0,0.0,0.0
QURE,2025-09-18,0.0,0.0,0.0,0.0
RARE,2025-05-30,0.0,0.0,0.0,0.0
RARE,2025-06-18,0.0,0.0,0.0,0.0
RARE,2025-07-16,0.0,0.0,0.0,0.0
RARE,2025-08-11,0.0,0.0,0.0,0.0
RARE,2025-09-02,0.0,0.0,0.0,0.0
RARE,2025-10-17,0.0,0.0,0.0,0.0
RARE,2025-12-10,0.0,0.0,0.0,0.0
RARE,2025-06-11,0.0,0.0,0.0,0.0
PGEN,2026-10-01,9.0,7.0,0.0,2.0
QGEN,2024-10-09,2.0,1.0,0.0,1.0
QGEN,2024-07-18,2.0,0.0,0.0,2.0
PRGO,2026-06-10,0.0,0.0,0.0,0.0
PRGO,2026-06-08,0.0,0.0,0.0,0.0
PRGO,2026-04-13,0.0,0.0,0.0,0.0
PRGO,2026-04-02,0.0,0.0,0.0,0.0
PRGO,2026-03-23,0.0,0.0,0.0,0.0
PRGO,2026-03-11,0.0,0.0,0.0,0.0
PRGO,2026-02-02,1.0,0.0,1.0,0.0
PRGO,2025-12-01,2.0,0.0,2.0,0.0
PRGO,2025-05-08,0.0,0.0,0.0,0.0
PRGO,2025-02-19,0.0,0.0,0.0,0.0
PRGO,2024-12-30,0.0,0.0,0.0,0.0
PRGO,2024-08-01,0.0,0.0,0.0,0.0
PRGO,2024-07-05,0.0,0.0,0.0,0.0
PRGO,2024-07-02,0.0,0.0,0.0,0.0
PRGO,2024-05-06,0.0,0.0,0.0,0.0
PRGO,2024-03-07,0.0,0.0,0.0,0.0
PRGO,2024-03-06,0.0,0.0,0.0,0.0
PHAT,2025-09-17,0.0,0.0,0.0,0.0
PHAT,2025-09-30,0.0,0.0,0.0,0.0
PHAT,2025-11-19,0.0,0.0,0.0,0.0
PHAT,2026-02-18,0.0,0.0,0.0,0.0
PHAT,2026-04-28,0.0,0.0,0.0,0.0
PHVS,2026-08-07,1.0,1.0,0.0,0.0
PRGO,2026-07-16,0.0,0.0,0.0,0.0
PHVS,2026-09-04,0.0,0.0,0.0,0.0
PLRX,2025-02-11,0.0,0.0,0.0,0.0
PRAX,2024-10-03,0.0,0.0,0.0,0.0
PRAX,2024-10-08,0.0,0.0,0.0,0.0
PRAX,2024-10-09,0.0,0.0,0.0,0.0
PRAX,2025-01-31,0.0,0.0,0.0,0.0
PRAX,2025-07-08,0.0,0.0,0.0,0.0
PLRX,2024-12-11,0.0,0.0,0.0,0.0
QGEN,2024-07-31,0.0,0.0,0.0,0.0
PRME,2025-07-07,0.0,0.0,0.0,0.0
PRME,2025-07-16,0.0,0.0,0.0,0.0
QGEN,2024-04-18,0.0,0.0,0.0,0.0
QGEN,2024-04-17,0.0,0.0,0.0,0.0
QGEN,2024-03-20,0.0,0.0,0.0,0.0
QGEN,2024-02-16,0.0,0.0,0.0,0.0
PVLA,2026-02-06,0.0,0.0,0.0,0.0
PVLA,2026-01-05,0.0,0.0,0.0,0.0
PTGX,2025-04-10,0.0,0.0,0.0,0.0
PTGX,2025-03-27,0.0,0.0,0.0,0.0
PTGX,2025-03-18,0.0,0.0,0.0,0.0
PTGX,2024-10-15,0.0,0.0,0.0,0.0
PTCT,2025-09-16,0.0,0.0,0.0,0.0
PTCT,2025-08-11,0.0,0.0,0.0,0.0
PTCT,2025-08-07,0.0,0.0,0.0,0.0
PTCT,2025-07-31,0.0,0.0,0.0,0.0
PTCT,2025-07-29,0.0,0.0,0.0,0.0
PTCT,2025-07-28,0.0,0.0,0.0,0.0
PTCT,2025-07-23,0.0,0.0,0.0,0.0
PRME,2025-08-08,1.0,0.0,0.0,1.0
PRME,2025-08-11,0.0,0.0,0.0,0.0
PRME,2025-08-12,0.0,0.0,0.0,0.0
PRME,2025-11-28,0.0,0.0,0.0,0.0
PRME,2026-02-25,1.0,0.0,0.0,1.0
PRME,2026-06-08,0.0,0.0,0.0,0.0
PRME,2025-07-08,0.0,0.0,0.0,0.0
PRME,2026-06-22,0.0,0.0,0.0,0.0
PRTA,2025-05-07,0.0,0.0,0.0,0.0
PRTA,2025-06-16,0.0,0.0,0.0,0.0
PRTA,2025-08-06,0.0,0.0,0.0,0.0
PRTA,2025-08-08,0.0,0.0,0.0,0.0
PTCT,2024-01-25,0.0,0.0,0.0,0.0
PTCT,2025-07-22,0.0,0.0,0.0,0.0
PRME,2026-08-25,0.0,0.0,0.0,0.0
NUVL,2024-08-21,0.0,0.0,0.0,0.0
NUVB,2026-07-20,0.0,0.0,0.0,0.0
NUVB,2026-07-17,0.0,0.0,0.0,0.0
ZYME,2026-06-08,0.0,0.0,0.0,0.0
ITCI,2024-03-20,0.0,0.0,0.0,0.0
ITCI,2024-02-22,0.0,0.0,0.0,0.0
ITCI,2024-02-20,0.0,0.0,0.0,0.0
ITCI,2024-02-16,0.0,0.0,0.0,0.0
IRWD,2024-12-20,0.0,0.0,0.0,0.0
IRWD,2024-04-01,0.0,0.0,0.0,0.0
IRWD,2024-03-01,0.0,0.0,0.0,0.0
IRWD,2024-02-29,0.0,0.0,0.0,0.0
IRON,2026-09-24,1.0,0.0,1.0,0.0
IRON,2026-04-17,1.0,0.0,1.0,0.0
IRON,2025-10-09,0.0,0.0,0.0,0.0
IRON,2025-07-15,0.0,0.0,0.0,0.0
IRON,2025-05-15,0.0,0.0,0.0,0.0
IRON,2025-04-23,0.0,0.0,0.0,0.0
IRON,2025-04-16,0.0,0.0,0.0,0.0
IRON,2025-01-24,1.0,1.0,0.0,0.0
IOVA,2024-11-11,0.0,0.0,0.0,0.0
IOVA,2024-12-04,0.0,0.0,0.0,0.0
IOVA,2024-12-11,0.0,0.0,0.0,0.0
IOVA,2025-02-11,0.0,0.0,0.0,0.0
IOVA,2025-03-06,0.0,0.0,0.0,0.0
IOVA,2025-03-21,2.0,2.0,0.0,0.0
JANX,2024-07-16,0.0,0.0,0.0,0.0
IOVA,2025-04-02,1.0,1.0,0.0,0.0
IOVA,2026-06-18,1.0,0.0,0.0,1.0
IOVA,2026-07-09,0.0,0.0,0.0,0.0
IOVA,2026-07-10,0.0,0.0,0.0,0.0
IOVA,2026-08-19,0.0,0.0,0.0,0.0
IRD,2026-03-20,0.0,0.0,0.0,0.0
IRON,2024-03-01,0.0,0.0,0.0,0.0
IOVA,2026-05-11,0.0,0.0,0.0,0.0
IOVA,2024-11-04,0.0,0.0,0.0,0.0
JANX,2024-10-30,0.0,0.0,0.0,0.0
JANX,2025-01-06,0.0,0.0,0.0,0.0
KURA,2024-01-12,0.0,0.0,0.0,0.0
KURA,2024-01-10,0.0,0.0,0.0,0.0
KRYS,2025-06-13,0.0,0.0,0.0,0.0
KRYS,2025-01-17,1.0,1.0,0.0,0.0
KRYS,2024-11-06,0.0,0.0,0.0,0.0
KRTX,2024-03-15,0.0,0.0,0.0,0.0
KRTX,2024-02-26,0.0,0.0,0.0,0.0
KROS,2025-12-04,0.0,0.0,0.0,0.0
KROS,2025-11-18,1.0,0.0,0.0,1.0
KROS,2025-11-17,0.0,0.0,0.0,0.0
KROS,2025-11-14,0.0,0.0,0.0,0.0
KROS,2025-10-23,0.0,0.0,0.0,0.0
KROS,2025-10-17,0.0,0.0,0.0,0.0
KROS,2025-08-14,0.0,0.0,0.0,0.0
KROS,2025-02-26,0.0,0.0,0.0,0.0
KROS,2025-01-15,0.0,0.0,0.0,0.0
KOD,2026-09-24,1.0,0.0,1.0,0.0
JANX,2025-01-13,0.0,0.0,0.0,0.0
JANX,2025-12-02,0.0,0.0,0.0,0.0
JANX,2025-12-19,0.0,0.0,0.0,0.0
JAZZ,2026-01-06,1.0,1.0,0.0,0.0
JAZZ,2026-02-25,0.0,0.0,0.0,0.0
JNJ,2024-01-10,0.0,0.0,0.0,0.0
JANX,2024-12-05,2.0,2.0,0.0,0.0
JNJ,2025-05-02,3.0,2.0,1.0,0.0
KALV,2025-06-24,0.0,0.0,0.0,0.0
KALV,2025-11-26,0.0,0.0,0.0,0.0
KALV,2026-02-19,0.0,0.0,0.0,0.0
KALV,2026-03-27,0.0,0.0,0.0,0.0
KALV,2026-05-01,0.0,0.0,0.0,0.0
KNSA,2024-05-03,0.0,0.0,0.0,0.0
KALV,2024-02-23,0.0,0.0,0.0,0.0
KURA,2024-01-30,0.0,0.0,0.0,0.0
IOVA,2024-10-18,0.0,0.0,0.0,0.0
IOVA,2024-08-29,1.0,0.0,0.0,1.0
INSM,2025-07-11,0.0,0.0,0.0,0.0
INSM,2025-06-30,0.0,0.0,0.0,0.0
INSM,2025-06-25,0.0,0.0,0.0,0.0
INSM,2025-04-09,0.0,0.0,0.0,0.0
INSM,2025-04-07,0.0,0.0,0.0,0.0
INSM,2025-02-20,0.0,0.0,0.0,0.0
INSM,2024-12-13,0.0,0.0,0.0,0.0
INSM,2024-08-23,0.0,0.0,0.0,0.0
INSM,2024-06-13,0.0,0.0,0.0,0.0
INSM,2024-05-15,0.0,0.0,0.0,0.0
INDV,2026-08-11,0.0,0.0,0.0,0.0
INDV,2026-08-03,1.0,0.0,1.0,0.0
INDV,2025-12-17,0.0,0.0,0.0,0.0
INDV,2025-11-25,0.0,0.0,0.0,0.0
INDV,2025-09-19,0.0,0.0,0.0,0.0
INDV,2025-08-27,0.0,0.0,0.0,0.0
INDV,2025-08-13,0.0,0.0,0.0,0.0
IMNM,2024-11-27,0.0,0.0,0.0,0.0
IMNM,2025-11-21,0.0,0.0,0.0,0.0
IMRX,2025-11-13,0.0,0.0,0.0,0.0
IMVT,2024-03-14,0.0,0.0,0.0,0.0
IMVT,2025-10-27,0.0,0.0,0.0,0.0
IMVT,2025-12-30,0.0,0.0,0.0,0.0
INSM,2025-09-18,0.0,0.0,0.0,0.0
IMVT,2026-03-24,0.0,0.0,0.0,0.0
INBX,2024-02-08,0.0,0.0,0.0,0.0
INBX,2024-02-28,0.0,0.0,0.0,0.0
INDV,2024-11-20,0.0,0.0,0.0,0.0
INDV,2025-02-20,0.0,0.0,0.0,0.0
INDV,2025-02-26,0.0,0.0,0.0,0.0
INDV,2025-07-25,1.0,0.0,0.0,1.0
IMVT,2026-04-16,1.0,1.0,0.0,0.0
IOVA,2024-09-20,0.0,0.0,0.0,0.0
INSM,2025-09-29,0.0,0.0,0.0,0.0
INSM,2025-12-22,1.0,0.0,1.0,0.0
IOVA,2024-08-16,0.0,0.0,0.0,0.0
IOVA,2024-08-15,0.0,0.0,0.0,0.0
IOVA,2024-08-13,0.0,0.0,0.0,0.0
IOVA,2024-08-12,0.0,0.0,0.0,0.0
IOVA,2024-08-07,0.0,0.0,0.0,0.0
IOVA,2024-07-11,0.0,0.0,0.0,0.0
IOVA,2024-05-16,0.0,0.0,0.0,0.0
IOVA,2024-04-15,0.0,0.0,0.0,0.0
IOVA,2024-02-16,0.0,0.0,0.0,0.0
IONS,2026-09-24,1.0,1.0,0.0,0.0
IONS,2026-08-24,1.0,1.0,0.0,0.0
IONS,2026-07-22,0.0,0.0,0.0,0.0
IONS,2026-06-18,0.0,0.0,0.0,0.0
IONS,2026-03-16,0.0,0.0,0.0,0.0
IONS,2026-03-05,0.0,0.0,0.0,0.0
IONS,2025-08-21,1.0,1.0,0.0,0.0
IONS,2024-12-04,0.0,0.0,0.0,0.0
INSM,2026-01-15,0.0,0.0,0.0,0.0
INSM,2026-01-23,0.0,0.0,0.0,0.0
INSM,2026-02-19,0.0,0.0,0.0,0.0
INSM,2026-03-06,0.0,0.0,0.0,0.0
INSM,2026-04-24,0.0,0.0,0.0,0.0
INSM,2026-05-01,0.0,0.0,0.0,0.0
INSM,2025-11-19,0.0,0.0,0.0,0.0
INVA,2025-12-12,0.0,0.0,0.0,0.0
INVA,2026-09-09,0.0,0.0,0.0,0.0
INVA,2026-09-14,0.0,0.0,0.0,0.0
IONS,2024-06-21,0.0,0.0,0.0,0.0
IONS,2024-08-27,0.0,0.0,0.0,0.0
IONS,2024-08-28,0.0,0.0,0.0,0.0
IONS,2024-09-10,0.0,0.0,0.0,0.0
INVA,2026-02-18,0.0,0.0,0.0,0.0
KURA,2025-09-25,1.0,1.0,0.0,0.0
KURA,2026-05-19,0.0,0.0,0.0,0.0
KURA,2026-05-20,0.0,0.0,0.0,0.0
MRVI,2026-09-16,0.0,0.0,0.0,0.0
MRVI,2026-08-21,0.0,0.0,0.0,0.0
MRVI,2026-08-20,0.0,0.0,0.0,0.0
MRVI,2026-05-08,0.0,0.0,0.0,0.0
MRVI,2024-08-27,0.0,0.0,0.0,0.0
MRVI,2024-05-08,0.0,0.0,0.0,0.0
MRVI,2024-02-23,0.0,0.0,0.0,0.0
MRUS,2025-05-27,2.0,2.0,0.0,0.0
MRUS,2025-05-06,0.0,0.0,0.0,0.0
MRUS,2025-03-25,0.0,0.0,0.0,0.0
MRUS,2025-01-17,0.0,0.0,0.0,0.0
MRUS,2025-01-14,1.0,1.0,0.0,0.0
MRUS,2025-01-13,1.0,1.0,0.0,0.0
MRUS,2024-12-13,0.0,0.0,0.0,0.0
MRK,2024-10-10,5.0,3.0,1.0,1.0
MRK,2024-08-12,1.0,1.0,0.0,0.0
MRK,2024-06-18,0.0,0.0,0.0,0.0
MNKD,2024-11-07,0.0,0.0,0.0,0.0
MNKD,2024-12-18,0.0,0.0,0.0,0.0
MNKD,2025-01-16,0.0,0.0,0.0,0.0
MNKD,2025-01-30,0.0,0.0,0.0,0.0
MNKD,2025-05-12,0.0,0.0,0.0,0.0
MNKD,2025-08-19,0.0,0.0,0.0,0.0
NAMS,2025-07-30,0.0,0.0,0.0,0.0
MNKD,2026-01-22,0.0,0.0,0.0,0.0
MNKD,2026-05-26,0.0,0.0,0.0,0.0
MNKD,2026-07-17,0.0,0.0,0.0,0.0
MNKD,2026-08-18,0.0,0.0,0.0,0.0
MOR,2024-02-02,0.0,0.0,0.0,0.0
MREO,2024-01-30,0.0,0.0,0.0,0.0
MRK,2024-05-07,0.0,0.0,0.0,0.0
MNKD,2026-05-15,1.0,1.0,0.0,0.0
MNKD,2024-11-06,0.0,0.0,0.0,0.0
NAMS,2025-10-06,0.0,0.0,0.0,0.0
NBIX,2025-01-07,0.0,0.0,0.0,0.0
NUVB,2026-03-17,0.0,0.0,0.0,0.0
NUVB,2026-03-13,1.0,0.0,1.0,0.0
NUVB,2025-12-22,0.0,0.0,0.0,0.0
NUVB,2025-11-19,0.0,0.0,0.0,0.0
NUVB,2025-11-05,1.0,0.0,0.0,1.0
NUVB,2025-11-04,1.0,0.0,0.0,1.0
NUVB,2025-10-27,0.0,0.0,0.0,0.0
NUVB,2025-10-17,0.0,0.0,0.0,0.0
NUVB,2025-09-30,0.0,0.0,0.0,0.0
NUVB,2025-09-26,0.0,0.0,0.0,0.0
NUVB,2025-09-17,0.0,0.0,0.0,0.0
NRIX,2025-01-17,0.0,0.0,0.0,0.0
NMRA,2024-12-26,0.0,0.0,0.0,0.0
NMRA,2024-12-13,0.0,0.0,0.0,0.0
NMRA,2024-12-05,0.0,0.0,0.0,0.0
NMRA,2024-11-15,1.0,1.0,0.0,0.0
NMRA,2024-11-12,1.0,1.0,0.0,0.0
NBIX,2025-02-14,0.0,0.0,0.0,0.0
NBIX,2025-05-05,1.0,1.0,0.0,0.0
NBIX,2025-05-16,0.0,0.0,0.0,0.0
NBIX,2025-09-18,0.0,0.0,0.0,0.0
NBIX,2026-02-12,1.0,0.0,1.0,0.0
NKTR,2025-07-18,0.0,0.0,0.0,0.0
NBIX,2025-01-06,0.0,0.0,0.0,0.0
NKTR,2025-08-15,0.0,0.0,0.0,0.0
NKTR,2026-04-01,1.0,0.0,1.0,0.0
NKTR,2026-05-15,0.0,0.0,0.0,0.0
NKTR,2026-09-18,0.0,0.0,0.0,0.0
NKTX,2024-03-19,0.0,0.0,0.0,0.0
NKTX,2024-03-20,0.0,0.0,0.0,0.0
NMRA,2024-10-04,0.0,0.0,0.0,0.0
NKTR,2025-10-20,0.0,0.0,0.0,0.0
MNKD,2024-10-14,0.0,0.0,0.0,0.0
MNKD,2024-10-03,1.0,1.0,0.0,0.0
MNKD,2024-08-14,0.0,0.0,0.0,0.0
LQDA,2026-01-13,0.0,0.0,0.0,0.0
LQDA,2025-09-02,0.0,0.0,0.0,0.0
LQDA,2025-08-06,0.0,0.0,0.0,0.0
LQDA,2025-02-11,0.0,0.0,0.0,0.0
LQDA,2025-01-21,0.0,0.0,0.0,0.0
LQDA,2025-01-06,0.0,0.0,0.0,0.0
LQDA,2024-11-11,0.0,0.0,0.0,0.0
LQDA,2024-10-14,0.0,0.0,0.0,0.0
LQDA,2024-10-07,1.0,1.0,0.0,0.0
LQDA,2024-09-25,0.0,0.0,0.0,0.0
LQDA,2024-09-19,0.0,0.0,0.0,0.0
LQDA,2024-05-03,0.0,0.0,0.0,0.0
LQDA,2024-04-19,0.0,0.0,0.0,0.0
LQDA,2024-04-18,0.0,0.0,0.0,0.0
LQDA,2024-04-12,0.0,0.0,0.0,0.0
LQDA,2024-03-12,0.0,0.0,0.0,0.0
LENZ,2025-11-12,0.0,0.0,0.0,0.0
KYTX,2026-04-20,0.0,0.0,0.0,0.0
LEGN,2024-04-01,0.0,0.0,0.0,0.0
LEGN,2024-07-01,0.0,0.0,0.0,0.0
LEGN,2024-10-21,0.0,0.0,0.0,0.0
LEGN,2025-06-05,0.0,0.0,0.0,0.0
LEGN,2025-06-20,0.0,0.0,0.0,0.0
LQDA,2026-03-13,0.0,0.0,0.0,0.0
LEGN,2025-10-10,0.0,0.0,0.0,0.0
LEGN,2026-02-23,0.0,0.0,0.0,0.0
LEGN,2026-04-13,0.0,0.0,0.0,0.0
LEGN,2026-05-05,0.0,0.0,0.0,0.0
LEGN,2026-06-02,0.0,0.0,0.0,0.0
LEGN,2026-09-21,0.0,0.0,0.0,0.0
LENZ,2025-11-11,0.0,0.0,0.0,0.0
LEGN,2026-01-20,0.0,0.0,0.0,0.0
LQDA,2026-04-15,0.0,0.0,0.0,0.0
LQDA,2026-04-16,0.0,0.0,0.0,0.0
LRMR,2024-11-18,0.0,0.0,0.0,0.0
MLTX,2026-08-24,0.0,0.0,0.0,0.0
MLYS,2025-04-15,0.0,0.0,0.0,0.0
MLYS,2025-08-11,0.0,0.0,0.0,0.0
MLYS,2025-08-25,0.0,0.0,0.0,0.0
MLYS,2025-09-15,0.0,0.0,0.0,0.0
MLYS,2025-11-11,0.0,0.0,0.0,0.0
MLTX,2026-02-10,0.0,0.0,0.0,0.0
MLYS,2026-01-08,0.0,0.0,0.0,0.0
MNKD,2024-02-06,0.0,0.0,0.0,0.0
MNKD,2024-03-18,0.0,0.0,0.0,0.0
MNKD,2024-04-03,0.0,0.0,0.0,0.0
MNKD,2024-04-09,0.0,0.0,0.0,0.0
MNKD,2024-05-16,0.0,0.0,0.0,0.0
MNKD,2024-06-21,0.0,0.0,0.0,0.0
MLYS,2026-02-05,0.0,0.0,0.0,0.0
RCUS,2025-02-11,0.0,0.0,0.0,0.0
MLTX,2026-01-12,0.0,0.0,0.0,0.0
MLTX,2025-09-18,0.0,0.0,0.0,0.0
LRMR,2025-09-22,0.0,0.0,0.0,0.0
LRMR,2025-09-25,0.0,0.0,0.0,0.0
LRMR,2025-10-01,3.0,1.0,1.0,1.0
LRMR,2026-06-22,0.0,0.0,0.0,0.0
LXEO,2025-11-21,0.0,0.0,0.0,0.0
LXEO,2026-01-09,2.0,2.0,0.0,0.0
MLTX,2025-12-18,2.0,0.0,2.0,0.0
LXEO,2026-01-12,1.0,1.0,0.0,0.0
MDGL,2024-03-06,0.0,0.0,0.0,0.0
MGNX,2024-04-04,0.0,0.0,0.0,0.0
MIRM,2025-01-06,0.0,0.0,0.0,0.0
MLTX,2024-01-03,0.0,0.0,0.0,0.0
MLTX,2025-08-27,1.0,1.0,0.0,0.0
MLTX,2025-09-09,0.0,0.0,0.0,0.0
MBX,2026-01-07,0.0,0.0,0.0,0.0
IMNM,2024-03-07,0.0,0.0,0.0,0.0
RCUS,2025-10-15,0.0,0.0,0.0,0.0
RCUS,2026-02-12,0.0,0.0,0.0,0.0
URGN,2025-05-21,0.0,0.0,0.0,0.0
UNCY,2026-07-01,1.0,0.0,1.0,0.0
UNCY,2026-06-18,0.0,0.0,0.0,0.0
TYRA,2026-09-04,0.0,0.0,0.0,0.0
TYRA,2024-10-29,0.0,0.0,0.0,0.0
TWST,2026-07-29,0.0,0.0,0.0,0.0
TWST,2025-05-02,0.0,0.0,0.0,0.0
TWST,2024-05-02,0.0,0.0,0.0,0.0
TWST,2024-04-23,0.0,0.0,0.0,0.0
TWST,2024-02-13,0.0,0.0,0.0,0.0
TVTX,2026-07-31,0.0,0.0,0.0,0.0
TVTX,2026-03-04,0.0,0.0,0.0,0.0
TVTX,2026-01-23,0.0,0.0,0.0,0.0
TVTX,2025-06-06,0.0,0.0,0.0,0.0
TVTX,2025-05-16,0.0,0.0,0.0,0.0
TVTX,2025-01-28,0.0,0.0,0.0,0.0
TVTX,2024-05-07,0.0,0.0,0.0,0.0
TGTX,2026-09-21,0.0,0.0,0.0,0.0
TNGX,2025-10-23,0.0,0.0,0.0,0.0
TNGX,2026-07-21,0.0,0.0,0.0,0.0
TRVI,2025-04-22,0.0,0.0,0.0,0.0
TRVI,2025-04-23,0.0,0.0,0.0,0.0
TRVI,2025-04-30,0.0,0.0,0.0,0.0
URGN,2025-05-22,0.0,0.0,0.0,0.0
TRVI,2025-06-05,0.0,0.0,0.0,0.0
TRVI,2025-10-03,0.0,0.0,0.0,0.0
TRVI,2025-12-12,0.0,0.0,0.0,0.0
TRVI,2026-03-16,0.0,0.0,0.0,0.0
TRVI,2026-04-17,2.0,1.0,0.0,1.0
TRVI,2026-07-17,0.0,0.0,0.0,0.0
TSHA,2025-12-15,0.0,0.0,0.0,0.0
TRVI,2025-06-20,0.0,0.0,0.0,0.0
TGTX,2026-07-07,0.0,0.0,0.0,0.0
URGN,2025-05-28,0.0,0.0,0.0,0.0
UTHR,2025-09-23,0.0,0.0,0.0,0.0
VKTX,2024-09-17,3.0,2.0,0.0,1.0
VKTX,2024-08-02,2.0,2.0,0.0,0.0
VKTX,2024-07-02,0.0,0.0,0.0,0.0
VKTX,2024-06-27,0.0,0.0,0.0,0.0
VKTX,2024-06-06,0.0,0.0,0.0,0.0
VKTX,2024-05-20,0.0,0.0,0.0,0.0
VKTX,2024-01-19,0.0,0.0,0.0,0.0
VIR,2026-02-25,1.0,1.0,0.0,0.0
VIR,2025-10-09,0.0,0.0,0.0,0.0
VIR,2025-01-02,0.0,0.0,0.0,0.0
VIR,2024-12-16,0.0,0.0,0.0,0.0
VERV,2025-07-24,0.0,0.0,0.0,0.0
VERV,2025-07-10,0.0,0.0,0.0,0.0
VERV,2025-06-18,1.0,1.0,0.0,0.0
VERV,2025-04-23,0.0,0.0,0.0,0.0
VERA,2026-08-17,0.0,0.0,0.0,0.0
VERA,2026-08-14,0.0,0.0,0.0,0.0
UTHR,2025-09-26,0.0,0.0,0.0,0.0
UTHR,2025-11-25,0.0,0.0,0.0,0.0
UTHR,2026-03-02,1.0,1.0,0.0,0.0
UTHR,2026-05-05,1.0,1.0,0.0,0.0
UTHR,2026-06-22,0.0,0.0,0.0,0.0
UTHR,2026-08-06,0.0,0.0,0.0,0.0
URGN,2025-07-22,2.0,0.0,2.0,0.0
VCEL,2024-07-24,0.0,0.0,0.0,0.0
VERA,2024-02-23,0.0,0.0,0.0,0.0
VERA,2024-02-29,0.0,0.0,0.0,0.0
VERA,2025-04-25,0.0,0.0,0.0,0.0
VERA,2025-06-09,0.0,0.0,0.0,0.0
VERA,2025-12-31,0.0,0.0,0.0,0.0
VERA,2026-07-06,0.0,0.0,0.0,0.0
VCEL,2024-08-16,0.0,0.0,0.0,0.0
VKTX,2025-03-17,0.0,0.0,0.0,0.0
TGTX,2026-06-11,0.0,0.0,0.0,0.0
TGTX,2025-07-07,0.0,0.0,0.0,0.0
TERN,2024-09-26,0.0,0.0,0.0,0.0
TERN,2024-09-09,0.0,0.0,0.0,0.0
TERN,2024-09-05,0.0,0.0,0.0,0.0
TERN,2024-09-03,0.0,0.0,0.0,0.0
TERN,2024-08-28,0.0,0.0,0.0,0.0
TERN,2024-08-19,0.0,0.0,0.0,0.0
TERN,2024-06-24,0.0,0.0,0.0,0.0
TECH,2026-05-06,1.0,0.0,1.0,0.0
TECH,2026-05-04,0.0,0.0,0.0,0.0
TECH,2026-04-23,0.0,0.0,0.0,0.0
TECH,2026-03-19,1.0,1.0,0.0,0.0
TECH,2026-03-04,0.0,0.0,0.0,0.0
TECH,2026-02-24,0.0,0.0,0.0,0.0
TECH,2026-02-19,0.0,0.0,0.0,0.0
TECH,2026-02-12,0.0,0.0,0.0,0.0
TECH,2026-01-22,1.0,1.0,0.0,0.0
TECH,2026-01-13,0.0,0.0,0.0,0.0
TARS,2025-11-18,0.0,0.0,0.0,0.0
TARS,2026-02-19,0.0,0.0,0.0,0.0
TBPH,2026-01-22,1.0,0.0,0.0,1.0
TBPH,2026-01-23,0.0,0.0,0.0,0.0
TBPH,2026-02-04,0.0,0.0,0.0,0.0
TBPH,2026-03-16,0.0,0.0,0.0,0.0
TERN,2024-10-14,0.0,0.0,0.0,0.0
TBPH,2026-03-19,0.0,0.0,0.0,0.0
TECH,2024-05-06,0.0,0.0,0.0,0.0
TECH,2024-11-15,0.0,0.0,0.0,0.0
TECH,2025-04-15,0.0,0.0,0.0,0.0
TECH,2025-10-07,0.0,0.0,0.0,0.0
TECH,2025-11-17,0.0,0.0,0.0,0.0
TECH,2026-01-02,0.0,0.0,0.0,0.0
TBPH,2026-06-03,0.0,0.0,0.0,0.0
TGTX,2025-07-08,0.0,0.0,0.0,0.0
TEVA,2024-01-05,0.0,0.0,0.0,0.0
TEVA,2024-03-21,0.0,0.0,0.0,0.0
TGTX,2025-06-16,0.0,0.0,0.0,0.0
TGTX,2024-08-01,0.0,0.0,0.0,0.0
TGTX,2024-06-11,0.0,0.0,0.0,0.0
TGTX,2024-02-27,0.0,0.0,0.0,0.0
TEVA,2026-09-24,2.0,0.0,0.0,2.0
TEVA,2026-09-01,1.0,1.0,0.0,0.0
TEVA,2026-06-30,0.0,0.0,0.0,0.0
TEVA,2026-06-18,2.0,1.0,0.0,1.0
TEVA,2026-04-09,1.0,1.0,0.0,0.0
TEVA,2025-11-13,0.0,0.0,0.0,0.0
TEVA,2025-10-01,0.0,0.0,0.0,0.0
TEVA,2025-07-18,1.0,1.0,0.0,0.0
TEVA,2025-06-10,1.0,1.0,0.0,0.0
TEVA,2025-05-27,1.0,1.0,0.0,0.0
TEVA,2025-04-14,1.0,1.0,0.0,0.0
TEVA,2025-04-11,3.0,3.0,0.0,0.0
TEVA,2025-03-05,1.0,1.0,0.0,0.0
TEVA,2024-04-05,0.0,0.0,0.0,0.0
TEVA,2024-05-14,0.0,0.0,0.0,0.0
TEVA,2024-06-13,0.0,0.0,0.0,0.0
TEVA,2024-07-22,1.0,1.0,0.0,0.0
TEVA,2024-08-16,0.0,0.0,0.0,0.0
TEVA,2024-08-22,1.0,0.0,0.0,1.0
TEVA,2024-02-09,0.0,0.0,0.0,0.0
TEVA,2024-08-26,7.0,4.0,0.0,3.0
TEVA,2024-10-04,0.0,0.0,0.0,0.0
TEVA,2024-10-11,3.0,2.0,0.0,1.0
TEVA,2024-10-15,2.0,2.0,0.0,0.0
TEVA,2024-11-14,0.0,0.0,0.0,0.0
TEVA,2025-01-16,3.0,3.0,0.0,0.0
TEVA,2025-01-27,3.0,3.0,0.0,0.0
TEVA,2024-09-04,3.0,2.0,0.0,1.0
TARS,2024-07-05,0.0,0.0,0.0,0.0
VKTX,2025-03-24,1.0,0.0,1.0,0.0
VKTX,2026-02-17,1.0,1.0,0.0,0.0
XERS,2025-07-09,0.0,0.0,0.0,0.0
XENE,2026-04-28,0.0,0.0,0.0,0.0
XENE,2026-03-09,0.0,0.0,0.0,0.0
XENE,2026-03-06,0.0,0.0,0.0,0.0
XENE,2025-05-13,0.0,0.0,0.0,0.0
WVE,2026-06-04,0.0,0.0,0.0,0.0
WVE,2026-04-01,0.0,0.0,0.0,0.0
WVE,2026-03-23,0.0,0.0,0.0,0.0
WVE,2026-03-09,0.0,0.0,0.0,0.0
WVE,2026-02-05,1.0,1.0,0.0,0.0
WVE,2025-11-11,0.0,0.0,0.0,0.0
WVE,2025-10-31,1.0,1.0,0.0,0.0
WVE,2025-10-30,1.0,1.0,0.0,0.0
WVE,2025-09-10,0.0,0.0,0.0,0.0
WVE,2025-02-20,0.0,0.0,0.0,0.0
WVE,2024-12-20,1.0,1.0,0.0,0.0
WVE,2024-12-17,0.0,0.0,0.0,0.0
VTRS,2026-06-09,0.0,0.0,0.0,0.0
VTRS,2026-06-18,0.0,0.0,0.0,0.0
VTRS,2026-06-29,0.0,0.0,0.0,0.0
VTRS,2026-07-21,0.0,0.0,0.0,0.0
VTRS,2026-07-22,0.0,0.0,0.0,0.0
VTRS,2026-09-02,1.0,1.0,0.0,0.0
XERS,2025-10-15,0.0,0.0,0.0,0.0
VTYX,2025-10-24,1.0,0.0,0.0,1.0
VTYX,2025-11-04,0.0,0.0,0.0,0.0
VTYX,2026-02-05,2.0,0.0,2.0,0.0
VTYX,2026-02-12,0.0,0.0,0.0,0.0
VTYX,2026-02-20,0.0,0.0,0.0,0.0
VTYX,2026-02-27,0.0,0.0,0.0,0.0
WVE,2024-11-18,0.0,0.0,0.0,0.0
VTYX,2025-11-03,0.0,0.0,0.0,0.0
VTRS,2026-05-08,0.0,0.0,0.0,0.0
XERS,2026-02-19,0.0,0.0,0.0,0.0
ZBIO,2026-06-29,0.0,0.0,0.0,0.0
ZVRA,2026-06-29,0.0,0.0,0.0,0.0
ZVRA,2026-05-07,0.0,0.0,0.0,0.0
ZVRA,2026-04-30,0.0,0.0,0.0,0.0
ZVRA,2026-03-10,0.0,0.0,0.0,0.0
ZVRA,2026-01-21,0.0,0.0,0.0,0.0
ZVRA,2026-01-06,0.0,0.0,0.0,0.0
ZVRA,2025-12-08,0.0,0.0,0.0,0.0
ZVRA,2025-11-24,0.0,0.0,0.0,0.0
ZVRA,2025-11-05,0.0,0.0,0.0,0.0
ZVRA,2025-09-18,0.0,0.0,0.0,0.0
ZVRA,2024-10-09,0.0,0.0,0.0,0.0
ZTS,2026-06-04,5.0,0.0,5.0,0.0
ZTS,2026-05-12,0.0,0.0,0.0,0.0
ZTS,2026-04-27,0.0,0.0,0.0,0.0
ZTS,2026-01-12,0.0,0.0,0.0,0.0
ZTS,2025-12-16,0.0,0.0,0.0,0.0
ZTS,2025-11-04,1.0,1.0,0.0,0.0
ZLAB,2025-12-15,0.0,0.0,0.0,0.0
ZTS,2024-02-16,0.0,0.0,0.0,0.0
ZTS,2024-03-20,0.0,0.0,0.0,0.0
ZTS,2024-07-17,0.0,0.0,0.0,0.0
ZTS,2024-07-25,1.0,1.0,0.0,0.0
ZTS,2024-10-03,0.0,0.0,0.0,0.0
XERS,2026-05-21,0.0,0.0,0.0,0.0
ZTS,2024-10-14,0.0,0.0,0.0,0.0
ZTS,2024-12-19,1.0,1.0,0.0,0.0
ZTS,2025-02-14,1.0,0.0,1.0,0.0
ZTS,2025-04-08,0.0,0.0,0.0,0.0
ZTS,2025-04-25,2.0,2.0,0.0,0.0
ZTS,2025-05-06,1.0,1.0,0.0,0.0
ZTS,2025-08-12,1.0,1.0,0.0,0.0
ZTS,2024-11-19,0.0,0.0,0.0,0.0
VKTX,2025-10-01,1.0,0.0,0.0,1.0
VTRS,2026-05-06,0.0,0.0,0.0,0.0
VTRS,2026-02-12,0.0,0.0,0.0,0.0
VSTM,2025-06-27,0.0,0.0,0.0,0.0
VRTX,2025-08-14,0.0,0.0,0.0,0.0
VRTX,2025-08-07,3.0,0.0,0.0,3.0
VRTX,2025-01-02,0.0,0.0,0.0,0.0
VRNA,2025-06-11,0.0,0.0,0.0,0.0
VRNA,2025-06-09,0.0,0.0,0.0,0.0
VRNA,2025-05-30,1.0,1.0,0.0,0.0
VRNA,2025-05-14,0.0,0.0,0.0,0.0
VRNA,2025-04-28,1.0,1.0,0.0,0.0
VRNA,2025-03-31,0.0,0.0,0.0,0.0
VRNA,2025-02-24,0.0,0.0,0.0,0.0
VRNA,2024-11-01,1.0,1.0,0.0,0.0
VRNA,2024-10-30,0.0,0.0,0.0,0.0
VRNA,2024-10-08,0.0,0.0,0.0,0.0
VRNA,2024-10-04,0.0,0.0,0.0,0.0
VRNA,2024-08-13,0.0,0.0,0.0,0.0
VRNA,2024-08-12,0.0,0.0,0.0,0.0
VKTX,2026-08-14,0.0,0.0,0.0,0.0
VNDA,2026-01-08,0.0,0.0,0.0,0.0
VNDA,2026-02-11,0.0,0.0,0.0,0.0
VNDA,2026-04-07,0.0,0.0,0.0,0.0
VNDA,2026-04-17,0.0,0.0,0.0,0.0
VNDA,2026-05-07,0.0,0.0,0.0,0.0
VSTM,2025-08-11,0.0,0.0,0.0,0.0
VOR,2025-07-08,0.0,0.0,0.0,0.0
VRDN,2024-09-11,0.0,0.0,0.0,0.0
VRDN,2024-10-18,1.0,1.0,0.0,0.0
VRDN,2024-12-16,0.0,0.0,0.0,0.0
VRDN,2024-12-17,0.0,0.0,0.0,0.0
VRDN,2024-12-30,0.0,0.0,0.0,0.0
VRNA,2024-07-08,0.0,0.0,0.0,0.0
VOR,2025-07-09,0.0,0.0,0.0,0.0
VTRS,2026-02-23,0.0,0.0,0.0,0.0
VSTM,2026-03-04,0.0,0.0,0.0,0.0
VSTM,2026-06-24,0.0,0.0,0.0,0.0
VTRS,2026-02-11,0.0,0.0,0.0,0.0
VTRS,2026-02-09,0.0,0.0,0.0,0.0
VTRS,2025-11-06,0.0,0.0,0.0,0.0
VTRS,2025-09-15,0.0,0.0,0.0,0.0
VTRS,2025-08-15,2.0,1.0,0.0,1.0
VTRS,2025-08-14,2.0,1.0,0.0,1.0
VTRS,2025-08-12,1.0,0.0,0.0,1.0
VTRS,2025-08-08,1.0,1.0,0.0,0.0
VTRS,2025-06-06,1.0,0.0,0.0,1.0
VTRS,2025-04-01,2.0,0.0,2.0,0.0
VTRS,2025-03-17,2.0,0.0,2.0,0.0
VTRS,2025-02-13,0.0,0.0,0.0,0.0
VTRS,2025-02-04,0.0,0.0,0.0,0.0
VTRS,2025-01-22,0.0,0.0,0.0,0.0
VTRS,2025-01-07,0.0,0.0,0.0,0.0
VTRS,2024-10-15,1.0,1.0,0.0,0.0
VTRS,2024-09-23,0.0,0.0,0.0,0.0
VSTM,2026-06-26,0.0,0.0,0.0,0.0
VTRS,2024-01-04,0.0,0.0,0.0,0.0
VTRS,2024-01-08,0.0,0.0,0.0,0.0
VTRS,2024-02-12,0.0,0.0,0.0,0.0
VTRS,2024-02-15,0.0,0.0,0.0,0.0
VTRS,2024-03-14,0.0,0.0,0.0,0.0
VSTM,2026-05-11,0.0,0.0,0.0,0.0
VTRS,2024-04-16,0.0,0.0,0.0,0.0
VTRS,2024-05-29,0.0,0.0,0.0,0.0
VTRS,2024-06-03,0.0,0.0,0.0,0.0
VTRS,2024-07-18,0.0,0.0,0.0,0.0
VTRS,2024-08-07,0.0,0.0,0.0,0.0
VTRS,2024-08-28,0.0,0.0,0.0,0.0
VTRS,2024-08-30,0.0,0.0,0.0,0.0
VTRS,2024-05-08,0.0,0.0,0.0,0.0
TARS,2024-03-01,0.0,0.0,0.0,0.0
TARS,2024-02-23,0.0,0.0,0.0,0.0
TARA,2026-03-11,1.0,1.0,0.0,0.0
RZLT,2025-11-14,0.0,0.0,0.0,0.0
RZLT,2025-11-10,0.0,0.0,0.0,0.0
RYTM,2025-05-19,0.0,0.0,0.0,0.0
RYTM,2025-04-04,1.0,1.0,0.0,0.0
RYTM,2025-03-25,0.0,0.0,0.0,0.0
RYTM,2025-01-17,0.0,0.0,0.0,0.0
RYTM,2024-12-05,0.0,0.0,0.0,0.0
RYTM,2024-11-14,0.0,0.0,0.0,0.0
RYTM,2024-08-16,0.0,0.0,0.0,0.0
RXRX,2026-07-13,2.0,1.0,1.0,0.0
RXRX,2026-04-15,0.0,0.0,0.0,0.0
RXRX,2026-02-23,1.0,0.0,1.0,0.0
RXRX,2026-02-13,0.0,0.0,0.0,0.0
RXRX,2025-11-10,0.0,0.0,0.0,0.0
RXRX,2025-09-18,0.0,0.0,0.0,0.0
RXRX,2025-08-11,1.0,0.0,0.0,1.0
RXRX,2024-11-18,0.0,0.0,0.0,0.0
RVMD,2026-08-17,0.0,0.0,0.0,0.0
RVMD,2026-08-26,2.0,2.0,0.0,0.0
RVNC,2024-02-01,0.0,0.0,0.0,0.0
RVNC,2024-03-05,0.0,0.0,0.0,0.0
RVNC,2024-09-23,0.0,0.0,0.0,0.0
RVNC,2024-11-08,1.0,0.0,0.0,1.0
RZLT,2025-11-25,0.0,0.0,0.0,0.0
RXRX,2024-01-09,0.0,0.0,0.0,0.0
RXRX,2024-03-14,0.0,0.0,0.0,0.0
RXRX,2024-04-29,0.0,0.0,0.0,0.0
RXRX,2024-05-13,0.0,0.0,0.0,0.0
RXRX,2024-06-24,0.0,0.0,0.0,0.0
RXRX,2024-10-01,2.0,2.0,0.0,0.0
RXRX,2024-10-16,2.0,1.0,1.0,0.0
RXRX,2024-01-22,0.0,0.0,0.0,0.0
RVMD,2026-07-17,1.0,1.0,0.0,0.0
RZLT,2026-06-18,0.0,0.0,0.0,0.0
SAGE,2024-03-04,0.0,0.0,0.0,0.0
SDGR,2026-08-11,0.0,0.0,0.0,0.0
SDGR,2026-05-19,0.0,0.0,0.0,0.0
SDGR,2026-05-18,0.0,0.0,0.0,0.0
SDGR,2026-02-26,0.0,0.0,0.0,0.0
SDGR,2026-01-30,0.0,0.0,0.0,0.0
SDGR,2026-01-22,0.0,0.0,0.0,0.0
SDGR,2025-02-26,0.0,0.0,0.0,0.0
SDGR,2025-01-31,0.0,0.0,0.0,0.0
SDGR,2025-01-30,0.0,0.0,0.0,0.0
SDGR,2025-01-21,0.0,0.0,0.0,0.0
SDGR,2024-09-19,0.0,0.0,0.0,0.0
SCPH,2025-10-06,1.0,0.0,0.0,1.0
SANA,2026-06-29,0.0,0.0,0.0,0.0
SANA,2026-01-13,0.0,0.0,0.0,0.0
SANA,2025-12-31,0.0,0.0,0.0,0.0
SANA,2025-10-07,0.0,0.0,0.0,0.0
SANA,2025-07-08,0.0,0.0,0.0,0.0
SAGE,2024-04-05,0.0,0.0,0.0,0.0
SAGE,2024-05-16,0.0,0.0,0.0,0.0
SAGE,2024-06-20,0.0,0.0,0.0,0.0
SAGE,2024-07-10,0.0,0.0,0.0,0.0
SAGE,2024-08-12,0.0,0.0,0.0,0.0
SAGE,2025-01-17,0.0,0.0,0.0,0.0
SAGE,2024-01-11,0.0,0.0,0.0,0.0
SAGE,2025-02-19,0.0,0.0,0.0,0.0
SAGE,2025-07-10,0.0,0.0,0.0,0.0
SANA,2024-02-21,0.0,0.0,0.0,0.0
SANA,2024-06-10,0.0,0.0,0.0,0.0
SANA,2024-06-18,0.0,0.0,0.0,0.0
SANA,2024-06-25,0.0,0.0,0.0,0.0
SANA,2024-07-17,0.0,0.0,0.0,0.0
SAGE,2025-03-17,1.0,0.0,1.0,0.0
SDGR,2026-08-19,0.0,0.0,0.0,0.0
RVMD,2026-06-25,5.0,1.0,0.0,4.0
RVMD,2026-05-22,1.0,0.0,0.0,1.0
RNA,2025-10-14,0.0,0.0,0.0,0.0
RNA,2025-09-11,0.0,0.0,0.0,0.0
RNA,2025-08-29,0.0,0.0,0.0,0.0
RNA,2025-08-19,0.0,0.0,0.0,0.0
RNA,2025-08-13,0.0,0.0,0.0,0.0
RNA,2025-07-23,0.0,0.0,0.0,0.0
RNA,2025-06-04,0.0,0.0,0.0,0.0
RNA,2025-05-19,0.0,0.0,0.0,0.0
RNA,2025-03-13,0.0,0.0,0.0,0.0
RNA,2024-02-21,0.0,0.0,0.0,0.0
RLMD,2026-05-04,1.0,1.0,0.0,0.0
RLAY,2026-06-02,0.0,0.0,0.0,0.0
RLAY,2026-05-22,4.0,4.0,0.0,0.0
RLAY,2026-05-19,1.0,1.0,0.0,0.0
RLAY,2025-11-14,0.0,0.0,0.0,0.0
RLAY,2025-11-04,0.0,0.0,0.0,0.0
RLAY,2025-01-21,0.0,0.0,0.0,0.0
RCUS,2026-04-21,0.0,0.0,0.0,0.0
RDY,2026-01-22,0.0,0.0,0.0,0.0
RDY,2026-05-12,0.0,0.0,0.0,0.0
REGN,2025-01-16,5.0,2.0,3.0,0.0
REPL,2025-07-29,6.0,0.0,6.0,0.0
REPL,2025-12-15,0.0,0.0,0.0,0.0
RNA,2025-11-03,0.0,0.0,0.0,0.0
REPL,2026-03-24,0.0,0.0,0.0,0.0
REPL,2026-04-08,0.0,0.0,0.0,0.0
RGEN,2024-03-25,0.0,0.0,0.0,0.0
RGLS,2025-06-16,0.0,0.0,0.0,0.0
RGNX,2026-05-21,0.0,0.0,0.0,0.0
RLAY,2024-10-30,0.0,0.0,0.0,0.0
RLAY,2025-01-10,0.0,0.0,0.0,0.0
REPL,2026-04-06,0.0,0.0,0.0,0.0
RVMD,2026-06-02,1.0,1.0,0.0,0.0
RNA,2025-12-01,0.0,0.0,0.0,0.0
RNA,2026-01-20,0.0,0.0,0.0,0.0
RVMD,2026-03-31,0.0,0.0,0.0,0.0
RVMD,2026-03-17,0.0,0.0,0.0,0.0
RVMD,2026-01-14,1.0,1.0,0.0,0.0
RVMD,2024-12-19,0.0,0.0,0.0,0.0
RPRX,2026-01-08,2.0,1.0,0.0,1.0
RPRX,2026-01-06,0.0,0.0,0.0,0.0
RPRX,2025-08-15,0.0,0.0,0.0,0.0
RPRX,2025-04-01,0.0,0.0,0.0,0.0
RPRX,2025-03-25,0.0,0.0,0.0,0.0
RPRX,2024-02-13,0.0,0.0,0.0,0.0
ROIV,2026-05-20,1.0,1.0,0.0,0.0
ROIV,2025-09-24,0.0,0.0,0.0,0.0
ROIV,2025-09-09,0.0,0.0,0.0,0.0
ROIV,2025-06-18,0.0,0.0,0.0,0.0
ROIV,2025-05-29,0.0,0.0,0.0,0.0
ROIV,2024-12-19,0.0,0.0,0.0,0.0
ROIV,2024-12-13,0.0,0.0,0.0,0.0
ROIV,2024-03-04,0.0,0.0,0.0,0.0
ROIV,2024-03-14,0.0,0.0,0.0,0.0
ROIV,2024-04-01,0.0,0.0,0.0,0.0
ROIV,2024-04-04,0.0,0.0,0.0,0.0
ROIV,2024-04-09,0.0,0.0,0.0,0.0
ROIV,2024-04-16,0.0,0.0,0.0,0.0
RNA,2025-12-11,0.0,0.0,0.0,0.0
ROIV,2024-05-14,0.0,0.0,0.0,0.0
ROIV,2024-08-29,0.0,0.0,0.0,0.0
ROIV,2024-09-23,0.0,0.0,0.0,0.0
ROIV,2024-09-24,0.0,0.0,0.0,0.0
ROIV,2024-11-04,0.0,0.0,0.0,0.0
ROIV,2024-11-06,0.0,0.0,0.0,0.0
ROIV,2024-11-08,0.0,0.0,0.0,0.0
ROIV,2024-06-24,0.0,0.0,0.0,0.0
SDGR,2026-10-02,0.0,0.0,0.0,0.0
SGMT,2026-09-24,0.0,0.0,0.0,0.0
SIGA,2024-08-22,1.0,1.0,0.0,0.0
SRPT,2025-11-21,0.0,0.0,0.0,0.0
SRPT,2025-11-06,1.0,0.0,1.0,0.0
SRPT,2025-01-21,0.0,0.0,0.0,0.0
SRPT,2024-07-29,0.0,0.0,0.0,0.0
SRPT,2024-05-14,0.0,0.0,0.0,0.0
SPRY,2026-07-29,0.0,0.0,0.0,0.0
SPRY,2026-05-04,0.0,0.0,0.0,0.0
SPRY,2026-01-09,0.0,0.0,0.0,0.0
SPRY,2025-10-20,0.0,0.0,0.0,0.0
SPRY,2025-09-25,0.0,0.0,0.0,0.0
SPRY,2025-09-24,0.0,0.0,0.0,0.0
SPRY,2025-08-01,0.0,0.0,0.0,0.0
SPRY,2025-07-29,0.0,0.0,0.0,0.0
SPRY,2025-05-07,0.0,0.0,0.0,0.0
SNY,2026-07-29,1.0,1.0,0.0,0.0
SNY,2026-07-20,2.0,1.0,0.0,1.0
SNY,2026-07-17,2.0,1.0,0.0,1.0
SNY,2025-06-16,3.0,3.0,0.0,0.0
SNY,2025-08-06,4.0,3.0,0.0,1.0
SNY,2025-08-26,1.0,1.0,0.0,0.0
SNY,2025-09-19,5.0,5.0,0.0,0.0
SNY,2025-11-04,5.0,1.0,0.0,4.0
SNY,2025-12-08,4.0,2.0,0.0,2.0
SRPT,2025-11-25,0.0,0.0,0.0,0.0
SNY,2026-01-08,4.0,1.0,1.0,2.0
SNY,2026-01-12,1.0,0.0,0.0,1.0
SNY,2026-02-13,10.0,6.0,2.0,2.0
SNY,2026-03-17,0.0,0.0,0.0,0.0
SNY,2026-04-23,10.0,5.0,0.0,5.0
SNY,2026-05-01,6.0,5.0,0.0,1.0
SNY,2026-07-10,0.0,0.0,0.0,0.0
SNY,2026-01-09,2.0,1.0,1.0,0.0
SNY,2025-04-04,4.0,3.0,0.0,1.0
SRPT,2025-12-03,0.0,0.0,0.0,0.0
SRPT,2026-04-13,0.0,0.0,0.0,0.0
TARA,2025-12-10,0.0,0.0,0.0,0.0
TAK,2026-01-05,1.0,1.0,0.0,0.0
TAK,2025-12-18,0.0,0.0,0.0,0.0
TAK,2025-10-28,0.0,0.0,0.0,0.0
TAK,2025-10-27,0.0,0.0,0.0,0.0
TAK,2025-09-08,0.0,0.0,0.0,0.0
TAK,2025-09-04,1.0,0.0,0.0,1.0
TAK,2024-09-16,0.0,0.0,0.0,0.0
SWTX,2025-06-16,2.0,0.0,0.0,2.0
SWTX,2025-01-21,0.0,0.0,0.0,0.0
SWTX,2025-01-13,0.0,0.0,0.0,0.0
SWTX,2024-02-13,0.0,0.0,0.0,0.0
SVRA,2026-07-20,0.0,0.0,0.0,0.0
SVRA,2025-12-08,0.0,0.0,0.0,0.0
SUPN,2026-02-24,1.0,0.0,0.0,1.0
STOK,2025-11-21,0.0,0.0,0.0,0.0
STOK,2025-09-17,0.0,0.0,0.0,0.0
SRPT,2026-08-27,0.0,0.0,0.0,0.0
SRRK,2024-11-12,0.0,0.0,0.0,0.0
SRRK,2024-11-19,0.0,0.0,0.0,0.0
SRRK,2025-01-17,0.0,0.0,0.0,0.0
SRRK,2025-04-16,0.0,0.0,0.0,0.0
SRRK,2025-07-23,0.0,0.0,0.0,0.0
SRPT,2026-02-24,0.0,0.0,0.0,0.0
SRRK,2025-09-05,0.0,0.0,0.0,0.0
SRRK,2025-10-13,1.0,0.0,1.0,0.0
SRRK,2026-01-16,0.0,0.0,0.0,0.0
SRRK,2026-03-24,0.0,0.0,0.0,0.0
SRRK,2026-08-26,0.0,0.0,0.0,0.0
STOK,2024-12-20,0.0,0.0,0.0,0.0
STOK,2025-08-06,0.0,0.0,0.0,0.0
SRRK,2025-10-01,0.0,0.0,0.0,0.0
SNY,2025-01-15,2.0,1.0,1.0,0.0
SNY,2024-09-24,3.0,3.0,0.0,0.0
SNY,2024-09-20,4.0,3.0,0.0,1.0
SMMT,2025-03-21,0.0,0.0,0.0,0.0
SMMT,2025-02-19,0.0,0.0,0.0,0.0
SMMT,2024-12-05,1.0,1.0,0.0,0.0
SMMT,2024-07-26,0.0,0.0,0.0,0.0
SMMT,2024-06-10,0.0,0.0,0.0,0.0
SMMT,2024-05-28,0.0,0.0,0.0,0.0
SMMT,2024-05-23,0.0,0.0,0.0,0.0
SMMT,2024-02-26,0.0,0.0,0.0,0.0
SLS,2026-02-27,0.0,0.0,0.0,0.0
SLS,2026-02-17,0.0,0.0,0.0,0.0
SLS,2026-02-11,0.0,0.0,0.0,0.0
SLRN,2024-04-18,0.0,0.0,0.0,0.0
SLRN,2024-02-14,0.0,0.0,0.0,0.0
SLRN,2024-01-26,0.0,0.0,0.0,0.0
SLRN,2024-01-17,0.0,0.0,0.0,0.0
SLNO,2026-03-03,0.0,0.0,0.0,0.0
SLNO,2026-03-02,0.0,0.0,0.0,0.0
SLN,2026-08-17,0.0,0.0,0.0,0.0
SLNO,2024-03-01,0.0,0.0,0.0,0.0
SLNO,2024-04-19,0.0,0.0,0.0,0.0
SLNO,2025-01-03,0.0,0.0,0.0,0.0
SLNO,2025-03-05,0.0,0.0,0.0,0.0
SLNO,2025-06-25,0.0,0.0,0.0,0.0
SMMT,2025-03-28,1.0,1.0,0.0,0.0
SLNO,2025-09-08,2.0,0.0,2.0,0.0
SLNO,2025-09-19,2.0,0.0,2.0,0.0
SLNO,2025-10-08,1.0,0.0,1.0,0.0
SLNO,2025-10-10,1.0,0.0,1.0,0.0
SLNO,2025-11-28,0.0,0.0,0.0,0.0
SLNO,2026-01-13,0.0,0.0,0.0,0.0
SLNO,2026-01-16,1.0,0.0,1.0,0.0
SLNO,2025-09-18,1.0,0.0,1.0,0.0
SMMT,2025-04-22,1.0,1.0,0.0,0.0
SMMT,2025-07-03,0.0,0.0,0.0,0.0
SMMT,2025-12-18,0.0,0.0,0.0,0.0
SNDX,2025-09-24,0.0,0.0,0.0,0.0
SNDX,2025-10-07,0.0,0.0,0.0,0.0
SNDX,2025-11-13,0.0,0.0,0.0,0.0
SNDX,2026-09-29,0.0,0.0,0.0,0.0
SNDX,2026-10-02,0.0,0.0,0.0,0.0
SNY,2024-02-16,0.0,0.0,0.0,0.0
SNDX,2025-09-05,0.0,0.0,0.0,0.0
SNY,2024-03-25,0.0,0.0,0.0,0.0
SNY,2024-07-01,0.0,0.0,0.0,0.0
SNY,2024-07-29,0.0,0.0,0.0,0.0
SNY,2024-08-01,1.0,0.0,0.0,1.0
SNY,2024-08-22,5.0,5.0,0.0,0.0
SNY,2024-08-26,6.0,4.0,0.0,2.0
SNY,2024-09-12,9.0,7.0,0.0,2.0
SNY,2024-06-21,0.0,0.0,0.0,0.0
RCUS,2025-12-10,0.0,0.0,0.0,0.0
SNDX,2025-05-12,0.0,0.0,0.0,0.0
SNDX,2025-04-22,0.0,0.0,0.0,0.0
SMMT,2026-01-06,1.0,0.0,0.0,1.0
SMMT,2026-01-08,1.0,0.0,0.0,1.0
SMMT,2026-04-02,0.0,0.0,0.0,0.0
SMMT,2026-06-24,0.0,0.0,0.0,0.0
SMMT,2026-06-25,0.0,0.0,0.0,0.0
SMMT,2026-08-03,0.0,0.0,0.0,0.0
SNDX,2025-05-08,0.0,0.0,0.0,0.0
SNDX,2024-10-15,0.0,0.0,0.0,0.0
SNDX,2024-12-03,0.0,0.0,0.0,0.0
SNDX,2025-01-22,0.0,0.0,0.0,0.0
SNDX,2025-02-14,0.0,0.0,0.0,0.0
SNDX,2025-02-20,0.0,0.0,0.0,0.0
SNDX,2025-02-21,1.0,1.0,0.0,0.0
SNDX,2025-03-03,1.0,1.0,0.0,0.0
SNDX,2024-11-13,0.0,0.0,0.0,0.0
IMMX,2026-09-17,0.0,0.0,0.0,0.0
ZYME,2026-08-26,0.0,0.0,0.0,0.0
IMGN,2024-01-24,0.0,0.0,0.0,0.0
APLS,2024-09-06,0.0,0.0,0.0,0.0
APLS,2024-09-18,0.0,0.0,0.0,0.0
APLS,2024-11-27,1.0,1.0,0.0,0.0
BMRN,2026-09-01,0.0,0.0,0.0,0.0
BMRN,2026-04-14,0.0,0.0,0.0,0.0
BMRN,2026-02-19,0.0,0.0,0.0,0.0
BMRN,2026-02-18,0.0,0.0,0.0,0.0
BMRN,2025-12-19,0.0,0.0,0.0,0.0
BMRN,2025-11-24,0.0,0.0,0.0,0.0
BMRN,2025-09-25,0.0,0.0,0.0,0.0
BMRN,2025-09-22,0.0,0.0,0.0,0.0
BMRN,2025-02-25,0.0,0.0,0.0,0.0
BMRN,2025-02-19,3.0,3.0,0.0,0.0
APLS,2024-08-09,0.0,0.0,0.0,0.0
BMRN,2024-10-17,1.0,0.0,0.0,1.0
BMRN,2024-09-09,0.0,0.0,0.0,0.0
BMRN,2024-08-28,0.0,0.0,0.0,0.0
BMRN,2024-05-29,0.0,0.0,0.0,0.0
BMRN,2024-04-17,0.0,0.0,0.0,0.0
BMRN,2024-02-22,0.0,0.0,0.0,0.0
BMRN,2024-02-12,0.0,0.0,0.0,0.0
BMRN,2024-01-18,0.0,0.0,0.0,0.0
BMRN,2024-01-05,0.0,0.0,0.0,0.0
BMEA,2024-11-13,0.0,0.0,0.0,0.0
BMEA,2024-04-24,0.0,0.0,0.0,0.0
BMEA,2024-04-17,0.0,0.0,0.0,0.0
BMEA,2024-01-19,0.0,0.0,0.0,0.0
BIOA,2026-07-31,0.0,0.0,0.0,0.0
BMRN,2024-10-03,1.0,1.0,0.0,0.0
BIOA,2026-07-27,0.0,0.0,0.0,0.0
APLS,2024-08-08,0.0,0.0,0.0,0.0
APGE,2026-05-15,0.0,0.0,0.0,0.0
BNTX,2024-06-18,0.0,0.0,0.0,0.0
BNTX,2024-06-17,0.0,0.0,0.0,0.0
BNTX,2024-06-14,0.0,0.0,0.0,0.0
BNTX,2024-06-05,0.0,0.0,0.0,0.0
BNTX,2024-05-31,0.0,0.0,0.0,0.0
BMY,2026-09-29,8.0,5.0,0.0,3.0
AMRX,2024-06-24,0.0,0.0,0.0,0.0
BMY,2026-07-07,1.0,1.0,0.0,0.0
AMRX,2024-10-18,0.0,0.0,0.0,0.0
BMY,2026-05-21,5.0,4.0,0.0,1.0
BMY,2026-05-20,3.0,3.0,0.0,0.0
AMRX,2025-01-17,0.0,0.0,0.0,0.0
AMRX,2025-09-23,0.0,0.0,0.0,0.0
APGE,2026-05-27,0.0,0.0,0.0,0.0
BMY,2026-04-15,2.0,0.0,0.0,2.0
AMRX,2025-12-08,1.0,1.0,0.0,0.0
IMMX,2026-05-21,1.0,1.0,0.0,0.0
ANAB,2025-02-10,0.0,0.0,0.0,0.0
ANAB,2025-11-17,0.0,0.0,0.0,0.0
ANAB,2025-11-21,2.0,0.0,1.0,1.0
ANIP,2025-12-04,0.0,0.0,0.0,0.0
ANNX,2024-05-14,0.0,0.0,0.0,0.0
ANNX,2026-07-23,0.0,0.0,0.0,0.0
BMY,2025-04-01,3.0,2.0,0.0,1.0
APGE,2025-04-08,0.0,0.0,0.0,0.0
APGE,2026-01-07,1.0,1.0,0.0,0.0
APGE,2026-01-14,0.0,0.0,0.0,0.0
APGE,2026-04-13,0.0,0.0,0.0,0.0
AMRX,2025-11-25,0.0,0.0,0.0,0.0
BIOA,2026-07-13,0.0,0.0,0.0,0.0
BHVN,2026-09-24,0.0,0.0,0.0,0.0
BHVN,2026-09-17,0.0,0.0,0.0,0.0
BHVN,2024-03-14,0.0,0.0,0.0,0.0
BHVN,2024-03-08,0.0,0.0,0.0,0.0
BHC,2026-08-18,0.0,0.0,0.0,0.0
BHC,2026-08-04,0.0,0.0,0.0,0.0
BHC,2026-06-29,0.0,0.0,0.0,0.0
BHC,2025-12-01,2.0,2.0,0.0,0.0
BHC,2025-06-11,0.0,0.0,0.0,0.0
BHC,2025-05-06,0.0,0.0,0.0,0.0
BHC,2025-03-03,0.0,0.0,0.0,0.0
BHC,2024-11-27,0.0,0.0,0.0,0.0
BHC,2024-10-31,0.0,0.0,0.0,0.0
BHC,2024-09-12,0.0,0.0,0.0,0.0
BHC,2024-08-14,0.0,0.0,0.0,0.0
BHVN,2024-04-05,0.0,0.0,0.0,0.0
BHC,2024-08-08,1.0,1.0,0.0,0.0
BHC,2024-03-27,0.0,0.0,0.0,0.0
BHC,2024-03-01,0.0,0.0,0.0,0.0
BHC,2024-02-20,0.0,0.0,0.0,0.0
BHC,2024-02-15,0.0,0.0,0.0,0.0
BHC,2024-02-14,0.0,0.0,0.0,0.0
BHC,2024-01-17,0.0,0.0,0.0,0.0
BHC,2024-01-16,0.0,0.0,0.0,0.0
BHC,2024-01-09,0.0,0.0,0.0,0.0
BHC,2024-01-08,0.0,0.0,0.0,0.0
BHC,2024-01-05,0.0,0.0,0.0,0.0
BHC,2024-01-04,0.0,0.0,0.0,0.0
BEAM,2026-09-08,0.0,0.0,0.0,0.0
BEAM,2025-06-06,0.0,0.0,0.0,0.0
BHC,2024-04-11,0.0,0.0,0.0,0.0
BHVN,2024-04-19,0.0,0.0,0.0,0.0
BHVN,2024-05-22,0.0,0.0,0.0,0.0
BHVN,2024-06-03,0.0,0.0,0.0,0.0
BHVN,2026-07-16,0.0,0.0,0.0,0.0
BHVN,2026-06-25,0.0,0.0,0.0,0.0
BHVN,2026-06-18,0.0,0.0,0.0,0.0
BHVN,2026-06-16,0.0,0.0,0.0,0.0
BHVN,2026-06-15,0.0,0.0,0.0,0.0
BHVN,2026-05-21,0.0,0.0,0.0,0.0
BHVN,2026-04-14,0.0,0.0,0.0,0.0
BHVN,2026-04-10,0.0,0.0,0.0,0.0
BHVN,2026-01-16,1.0,0.0,0.0,1.0
BHVN,2026-01-12,0.0,0.0,0.0,0.0
BHVN,2025-12-16,0.0,0.0,0.0,0.0
APLS,2024-12-20,0.0,0.0,0.0,0.0
BHVN,2025-10-15,1.0,0.0,0.0,1.0
BHVN,2025-09-26,0.0,0.0,0.0,0.0
BHVN,2025-09-18,0.0,0.0,0.0,0.0
BHVN,2025-08-26,3.0,0.0,3.0,0.0
BHVN,2025-08-21,2.0,0.0,2.0,0.0
BHVN,2025-07-21,5.0,0.0,5.0,0.0
BHVN,2025-05-20,0.0,0.0,0.0,0.0
BHVN,2025-05-12,1.0,1.0,0.0,0.0
BHVN,2025-04-22,0.0,0.0,0.0,0.0
BHVN,2025-04-11,3.0,0.0,2.0,1.0
BHVN,2025-04-08,1.0,0.0,0.0,1.0
BHVN,2024-11-01,0.0,0.0,0.0,0.0
BHVN,2024-10-07,0.0,0.0,0.0,0.0
BHVN,2024-09-19,0.0,0.0,0.0,0.0
BHVN,2024-08-15,0.0,0.0,0.0,0.0
BHVN,2024-07-24,0.0,0.0,0.0,0.0
BHVN,2024-07-19,0.0,0.0,0.0,0.0
BNTX,2024-07-03,1.0,0.0,0.0,1.0
BEAM,2024-11-15,0.0,0.0,0.0,0.0
BNTX,2024-07-09,0.0,0.0,0.0,0.0
BNTX,2024-08-05,0.0,0.0,0.0,0.0
ALT,2025-03-31,0.0,0.0,0.0,0.0
ALT,2025-04-14,0.0,0.0,0.0,0.0
ALT,2025-05-01,1.0,1.0,0.0,0.0
ALT,2025-06-11,0.0,0.0,0.0,0.0
ALT,2025-08-28,3.0,0.0,3.0,0.0
ALT,2025-09-10,2.0,0.0,2.0,0.0
ALT,2025-09-29,4.0,0.0,4.0,0.0
ALT,2025-11-17,0.0,0.0,0.0,0.0
ALT,2025-11-18,0.0,0.0,0.0,0.0
ALT,2025-11-21,0.0,0.0,0.0,0.0
ALXO,2024-07-25,1.0,0.0,0.0,1.0
ALXO,2024-07-29,0.0,0.0,0.0,0.0
AMGN,2024-04-17,0.0,0.0,0.0,0.0
ALT,2025-02-19,0.0,0.0,0.0,0.0
AMGN,2024-07-22,2.0,2.0,0.0,0.0
AMGN,2025-03-19,2.0,2.0,0.0,0.0
AMGN,2025-11-28,3.0,0.0,0.0,3.0
AMGN,2025-12-02,1.0,0.0,0.0,1.0
AMGN,2026-03-03,2.0,1.0,0.0,1.0
AMLX,2024-01-03,0.0,0.0,0.0,0.0
AMLX,2024-01-19,0.0,0.0,0.0,0.0
AMLX,2025-10-06,0.0,0.0,0.0,0.0
AMLX,2026-04-20,0.0,0.0,0.0,0.0
AMLX,2026-08-07,0.0,0.0,0.0,0.0
AMPH,2026-09-28,0.0,0.0,0.0,0.0
AMRX,2024-03-15,0.0,0.0,0.0,0.0
AMRX,2024-05-17,0.0,0.0,0.0,0.0
AMRX,2024-06-10,0.0,0.0,0.0,0.0
AMGN,2024-11-04,1.0,0.0,0.0,1.0
CMPS,2026-04-16,0.0,0.0,0.0,0.0
ALT,2024-12-31,0.0,0.0,0.0,0.0
ALT,2024-10-16,0.0,0.0,0.0,0.0
COGT,2024-06-21,0.0,0.0,0.0,0.0
AQST,2026-08-24,0.0,0.0,0.0,0.0
CNTA,2026-03-31,3.0,3.0,0.0,0.0
CNTA,2026-03-12,0.0,0.0,0.0,0.0
CNTA,2026-01-23,0.0,0.0,0.0,0.0
CNTA,2025-12-04,0.0,0.0,0.0,0.0
CNTA,2025-11-12,3.0,1.0,0.0,2.0
CNTA,2025-02-27,0.0,0.0,0.0,0.0
CMRX,2025-02-18,0.0,0.0,0.0,0.0
CMPX,2026-04-14,0.0,0.0,0.0,0.0
CMPX,2026-04-10,0.0,0.0,0.0,0.0
CMPX,2026-04-07,0.0,0.0,0.0,0.0
CMPX,2026-03-31,0.0,0.0,0.0,0.0
ALT,2024-10-29,0.0,0.0,0.0,0.0
CMPX,2026-03-05,0.0,0.0,0.0,0.0
CMPX,2026-03-03,0.0,0.0,0.0,0.0
CMPX,2026-02-24,0.0,0.0,0.0,0.0
CMPX,2025-12-30,0.0,0.0,0.0,0.0
CMPX,2025-11-14,0.0,0.0,0.0,0.0
CMPX,2025-11-13,0.0,0.0,0.0,0.0
CMPS,2026-09-17,0.0,0.0,0.0,0.0
CMPS,2026-09-08,0.0,0.0,0.0,0.0
CMPS,2026-07-14,0.0,0.0,0.0,0.0
CMPS,2026-07-08,0.0,0.0,0.0,0.0
CMPS,2026-06-26,0.0,0.0,0.0,0.0
CMPS,2026-06-16,0.0,0.0,0.0,0.0
CMPS,2026-05-20,0.0,0.0,0.0,0.0
CMPS,2026-04-21,3.0,3.0,0.0,0.0
CMPX,2026-03-04,0.0,0.0,0.0,0.0
CMPS,2026-01-20,0.0,0.0,0.0,0.0
CMPS,2025-11-25,0.0,0.0,0.0,0.0
CMPS,2025-09-04,0.0,0.0,0.0,0.0
CAPR,2025-04-17,0.0,0.0,0.0,0.0
CAPR,2025-03-19,0.0,0.0,0.0,0.0
CAPR,2025-03-04,0.0,0.0,0.0,0.0
CAPR,2025-02-28,0.0,0.0,0.0,0.0
CAPR,2025-01-07,0.0,0.0,0.0,0.0
CAPR,2024-12-20,0.0,0.0,0.0,0.0
CAPR,2024-11-14,0.0,0.0,0.0,0.0
CADL,2026-03-17,0.0,0.0,0.0,0.0
CADL,2025-03-26,0.0,0.0,0.0,0.0
CADL,2025-02-21,0.0,0.0,0.0,0.0
CADL,2025-01-24,0.0,0.0,0.0,0.0
CABA,2026-05-27,0.0,0.0,0.0,0.0
CABA,2024-12-06,0.0,0.0,0.0,0.0
CAPR,2025-06-23,0.0,0.0,0.0,0.0
CABA,2024-06-17,0.0,0.0,0.0,0.0
CABA,2024-04-01,0.0,0.0,0.0,0.0
CABA,2024-03-11,0.0,0.0,0.0,0.0
BPMC,2025-03-17,0.0,0.0,0.0,0.0
BPMC,2024-11-22,0.0,0.0,0.0,0.0
BPMC,2024-06-11,0.0,0.0,0.0,0.0
BPMC,2024-01-19,0.0,0.0,0.0,0.0
BNTX,2026-09-11,2.0,1.0,1.0,0.0
BNTX,2026-07-28,0.0,0.0,0.0,0.0
BNTX,2025-11-24,0.0,0.0,0.0,0.0
BNTX,2025-04-11,0.0,0.0,0.0,0.0
BNTX,2025-01-13,0.0,0.0,0.0,0.0
BNTX,2024-12-23,0.0,0.0,0.0,0.0
BNTX,2024-08-14,0.0,0.0,0.0,0.0
CABA,2024-06-05,0.0,0.0,0.0,0.0
CAPR,2025-07-29,3.0,1.0,2.0,0.0
CAPR,2025-11-11,0.0,0.0,0.0,0.0
CAPR,2025-11-18,0.0,0.0,0.0,0.0
CMPS,2025-08-22,0.0,0.0,0.0,0.0
CMPS,2025-07-31,0.0,0.0,0.0,0.0
CMPS,2025-07-23,0.0,0.0,0.0,0.0
CMPS,2025-07-21,0.0,0.0,0.0,0.0
CMPS,2025-06-23,0.0,0.0,0.0,0.0
CLYM,2026-09-16,0.0,0.0,0.0,0.0
CLYM,2026-08-26,0.0,0.0,0.0,0.0
CGON,2026-06-25,0.0,0.0,0.0,0.0
CGON,2026-05-26,0.0,0.0,0.0,0.0
CGON,2026-05-21,0.0,0.0,0.0,0.0
CGON,2026-04-07,0.0,0.0,0.0,0.0
CGON,2026-01-16,0.0,0.0,0.0,0.0
CGON,2026-01-13,1.0,1.0,0.0,0.0
CGON,2025-12-23,0.0,0.0,0.0,0.0
CGEM,2025-11-24,0.0,0.0,0.0,0.0
CERE,2024-07-18,0.0,0.0,0.0,0.0
CERE,2024-06-25,0.0,0.0,0.0,0.0
CERE,2024-02-08,0.0,0.0,0.0,0.0
CDTX,2025-12-19,0.0,0.0,0.0,0.0
CDTX,2025-07-14,0.0,0.0,0.0,0.0
CDMO,2024-09-10,0.0,0.0,0.0,0.0
CDMO,2024-03-08,0.0,0.0,0.0,0.0
CCCC,2024-08-20,0.0,0.0,0.0,0.0
CAPR,2026-08-24,2.0,0.0,2.0,0.0
CAPR,2026-08-20,1.0,0.0,1.0,0.0
CAPR,2026-08-10,2.0,0.0,2.0,0.0
CAPR,2026-07-30,7.0,0.0,7.0,0.0
CAPR,2026-05-12,1.0,0.0,0.0,1.0
CAPR,2026-03-23,0.0,0.0,0.0,0.0
BNTX,2024-08-02,0.0,0.0,0.0,0.0
COGT,2024-08-16,0.0,0.0,0.0,0.0
BCRX,2026-09-01,0.0,0.0,0.0,0.0
BCRX,2026-08-03,0.0,0.0,0.0,0.0
ARWR,2025-05-13,0.0,0.0,0.0,0.0
ARWR,2024-11-26,0.0,0.0,0.0,0.0
ARWR,2024-09-17,0.0,0.0,0.0,0.0
ARWR,2024-06-21,0.0,0.0,0.0,0.0
ARWR,2024-03-14,0.0,0.0,0.0,0.0
ARWR,2024-03-04,0.0,0.0,0.0,0.0
ARWR,2024-03-01,0.0,0.0,0.0,0.0
ARWR,2024-02-29,0.0,0.0,0.0,0.0
ARWR,2024-02-28,0.0,0.0,0.0,0.0
ARWR,2024-02-22,0.0,0.0,0.0,0.0
ARVN,2026-06-22,0.0,0.0,0.0,0.0
ARVN,2025-09-18,0.0,0.0,0.0,0.0
ARVN,2025-08-11,0.0,0.0,0.0,0.0
ARWR,2025-07-23,0.0,0.0,0.0,0.0
ARVN,2025-07-21,0.0,0.0,0.0,0.0
ARVN,2025-06-18,0.0,0.0,0.0,0.0
ARVN,2025-06-02,0.0,0.0,0.0,0.0
ARVN,2025-03-05,0.0,0.0,0.0,0.0
ARVN,2025-02-19,0.0,0.0,0.0,0.0
ARVN,2025-01-28,0.0,0.0,0.0,0.0
ARVN,2024-03-12,0.0,0.0,0.0,0.0
ARQT,2025-12-04,0.0,0.0,0.0,0.0
ARQT,2025-11-11,0.0,0.0,0.0,0.0
ARQT,2025-10-07,0.0,0.0,0.0,0.0
ARQT,2025-10-02,1.0,1.0,0.0,0.0
ARQT,2025-07-02,0.0,0.0,0.0,0.0
ARQT,2025-04-30,0.0,0.0,0.0,0.0
ARQT,2024-11-12,0.0,0.0,0.0,0.0
ARVN,2025-07-07,0.0,0.0,0.0,0.0
ARQT,2024-11-07,1.0,1.0,0.0,0.0
ARWR,2025-08-08,0.0,0.0,0.0,0.0
ARWR,2026-06-18,0.0,0.0,0.0,0.0
AQST,2024-04-25,0.0,0.0,0.0,0.0
AQST,2024-05-21,0.0,0.0,0.0,0.0
AQST,2025-10-08,1.0,1.0,0.0,0.0
AQST,2025-10-09,1.0,1.0,0.0,0.0
AQST,2025-12-29,0.0,0.0,0.0,0.0
ATYR,2025-07-23,0.0,0.0,0.0,0.0
ATYR,2025-07-14,0.0,0.0,0.0,0.0
ATXS,2024-03-08,0.0,0.0,0.0,0.0
ATAI,2026-09-03,0.0,0.0,0.0,0.0
AQST,2026-01-13,0.0,0.0,0.0,0.0
ATAI,2026-07-07,1.0,1.0,0.0,0.0
ATAI,2026-06-16,0.0,0.0,0.0,0.0
ATAI,2026-06-01,0.0,0.0,0.0,0.0
ARWR,2025-11-20,0.0,0.0,0.0,0.0
ATAI,2026-05-15,0.0,0.0,0.0,0.0
ATAI,2026-02-24,0.0,0.0,0.0,0.0
ATAI,2026-02-20,0.0,0.0,0.0,0.0
ATAI,2026-02-18,0.0,0.0,0.0,0.0
ATAI,2026-02-17,0.0,0.0,0.0,0.0
ATAI,2026-02-09,0.0,0.0,0.0,0.0
ATAI,2025-11-18,0.0,0.0,0.0,0.0
ATAI,2025-08-25,0.0,0.0,0.0,0.0
ATAI,2025-08-22,0.0,0.0,0.0,0.0
ATAI,2025-08-21,0.0,0.0,0.0,0.0
ATAI,2025-07-31,0.0,0.0,0.0,0.0
ASND,2026-03-11,0.0,0.0,0.0,0.0
ASND,2026-01-09,1.0,1.0,0.0,0.0
ARWR,2026-09-15,0.0,0.0,0.0,0.0
ATAI,2026-04-16,1.0,1.0,0.0,0.0
ARQT,2024-09-19,0.0,0.0,0.0,0.0
ARQT,2024-09-04,0.0,0.0,0.0,0.0
ARQT,2024-08-15,0.0,0.0,0.0,0.0
ARDX,2025-04-07,0.0,0.0,0.0,0.0
ARDX,2025-03-27,0.0,0.0,0.0,0.0
ARDX,2025-03-26,0.0,0.0,0.0,0.0
ARDX,2025-02-24,0.0,0.0,0.0,0.0
ARDX,2024-11-01,0.0,0.0,0.0,0.0
ARDX,2024-10-09,2.0,0.0,2.0,0.0
ARDX,2024-08-13,0.0,0.0,0.0,0.0
ARDX,2024-08-08,0.0,0.0,0.0,0.0
ARDX,2024-08-02,0.0,0.0,0.0,0.0
ARDX,2024-08-01,0.0,0.0,0.0,0.0
ARDX,2024-07-25,0.0,0.0,0.0,0.0
ARDX,2024-06-13,0.0,0.0,0.0,0.0
ARDX,2024-03-22,0.0,0.0,0.0,0.0
ARDX,2025-04-29,0.0,0.0,0.0,0.0
ARDX,2024-03-15,0.0,0.0,0.0,0.0
ARDX,2024-02-23,0.0,0.0,0.0,0.0
ARDX,2024-02-13,0.0,0.0,0.0,0.0
AQST,2026-06-11,0.0,0.0,0.0,0.0
ARDX,2024-02-02,0.0,0.0,0.0,0.0
ARCT,2025-12-11,0.0,0.0,0.0,0.0
ARCT,2025-12-08,0.0,0.0,0.0,0.0
ARCT,2025-10-17,0.0,0.0,0.0,0.0
ARCT,2025-10-02,1.0,0.0,1.0,0.0
ARCT,2025-10-01,1.0,0.0,1.0,0.0
ARCT,2025-09-19,0.0,0.0,0.0,0.0
ARCT,2025-09-16,0.0,0.0,0.0,0.0
ARCT,2025-06-30,0.0,0.0,0.0,0.0
ARCT,2024-12-12,0.0,0.0,0.0,0.0
ARDX,2024-03-05,0.0,0.0,0.0,0.0
ARDX,2025-09-19,0.0,0.0,0.0,0.0
ARDX,2025-10-13,0.0,0.0,0.0,0.0
ARDX,2025-10-16,0.0,0.0,0.0,0.0
ARQT,2024-07-08,0.0,0.0,0.0,0.0
ARQT,2024-05-15,0.0,0.0,0.0,0.0
ARQT,2024-05-06,0.0,0.0,0.0,0.0
ARQT,2024-05-01,0.0,0.0,0.0,0.0
ARQT,2024-03-15,0.0,0.0,0.0,0.0
ARQT,2024-03-04,0.0,0.0,0.0,0.0
ARQT,2024-02-06,0.0,0.0,0.0,0.0
ARQT,2024-01-29,0.0,0.0,0.0,0.0
ARQT,2024-01-03,0.0,0.0,0.0,0.0
ARDX,2026-08-20,0.0,0.0,0.0,0.0
ARDX,2026-08-06,0.0,0.0,0.0,0.0
ARDX,2026-07-30,1.0,0.0,1.0,0.0
ARDX,2026-06-22,0.0,0.0,0.0,0.0
ARDX,2026-05-05,0.0,0.0,0.0,0.0
ARDX,2026-04-30,0.0,0.0,0.0,0.0
ARDX,2026-04-17,0.0,0.0,0.0,0.0
AQST,2026-01-20,0.0,0.0,0.0,0.0
ARDX,2026-01-28,0.0,0.0,0.0,0.0
ARDX,2026-01-23,1.0,1.0,0.0,0.0
AQST,2026-03-19,4.0,0.0,3.0,1.0
AQST,2026-04-10,2.0,0.0,2.0,0.0
AQST,2026-04-16,3.0,0.0,3.0,0.0
ARDX,2026-01-15,0.0,0.0,0.0,0.0
ARDX,2026-01-12,0.0,0.0,0.0,0.0
ARDX,2026-01-09,0.0,0.0,0.0,0.0
ARDX,2025-12-31,0.0,0.0,0.0,0.0
ARDX,2025-11-11,0.0,0.0,0.0,0.0
ARDX,2025-10-31,0.0,0.0,0.0,0.0
ARDX,2025-10-17,0.0,0.0,0.0,0.0
AUPH,2024-01-11,0.0,0.0,0.0,0.0
BCRX,2026-08-11,0.0,0.0,0.0,0.0
AUPH,2024-02-14,0.0,0.0,0.0,0.0
AUPH,2024-05-15,0.0,0.0,0.0,0.0
BBIO,2025-07-22,0.0,0.0,0.0,0.0
BBIO,2025-05-16,0.0,0.0,0.0,0.0
BBIO,2025-05-08,0.0,0.0,0.0,0.0
APLS,2025-04-09,0.0,0.0,0.0,0.0
BBIO,2025-04-28,1.0,1.0,0.0,0.0
BBIO,2025-03-20,0.0,0.0,0.0,0.0
BBIO,2025-02-21,0.0,0.0,0.0,0.0
BBIO,2025-02-14,0.0,0.0,0.0,0.0
BBIO,2025-02-04,0.0,0.0,0.0,0.0
BBIO,2025-01-13,0.0,0.0,0.0,0.0
BBIO,2024-12-20,0.0,0.0,0.0,0.0
APLS,2025-07-14,0.0,0.0,0.0,0.0
APLS,2025-07-17,0.0,0.0,0.0,0.0
BBIO,2025-08-01,0.0,0.0,0.0,0.0
APLS,2025-08-14,0.0,0.0,0.0,0.0
BBIO,2024-11-19,0.0,0.0,0.0,0.0
APLT,2024-04-04,0.0,0.0,0.0,0.0
BBIO,2024-11-01,0.0,0.0,0.0,0.0
APLT,2024-08-14,0.0,0.0,0.0,0.0
APLT,2024-10-03,0.0,0.0,0.0,0.0
APLT,2024-10-30,0.0,0.0,0.0,0.0
BBIO,2024-10-23,0.0,0.0,0.0,0.0
BBIO,2024-10-17,0.0,0.0,0.0,0.0
BBIO,2024-09-04,0.0,0.0,0.0,0.0
AZN,2026-09-09,6.0,4.0,0.0,2.0
AZN,2026-08-05,0.0,0.0,0.0,0.0
APLT,2024-11-26,0.0,0.0,0.0,0.0
AZN,2026-07-21,1.0,1.0,0.0,0.0
APLT,2024-03-28,0.0,0.0,0.0,0.0
AZN,2026-06-05,2.0,0.0,0.0,2.0
BBIO,2025-09-08,1.0,1.0,0.0,0.0
BCRX,2024-01-18,0.0,0.0,0.0,0.0
BCRX,2026-06-24,0.0,0.0,0.0,0.0
BCRX,2026-06-23,0.0,0.0,0.0,0.0
BCRX,2026-05-15,0.0,0.0,0.0,0.0
BCRX,2026-05-06,2.0,2.0,0.0,0.0
BCRX,2026-05-05,2.0,2.0,0.0,0.0
BCRX,2026-05-04,1.0,1.0,0.0,0.0
BCRX,2026-04-21,0.0,0.0,0.0,0.0
BCRX,2026-04-16,0.0,0.0,0.0,0.0
BCRX,2026-03-19,0.0,0.0,0.0,0.0
BCRX,2026-02-27,1.0,1.0,0.0,0.0
BCRX,2026-02-11,1.0,1.0,0.0,0.0
BCRX,2025-12-03,0.0,0.0,0.0,0.0
BCRX,2025-11-26,0.0,0.0,0.0,0.0
BBIO,2025-12-22,0.0,0.0,0.0,0.0
BCRX,2025-11-24,1.0,0.0,0.0,1.0
BCRX,2025-11-20,0.0,0.0,0.0,0.0
BCRX,2025-10-15,1.0,0.0,0.0,1.0
BCRX,2025-10-14,1.0,0.0,0.0,1.0
BCRX,2025-08-18,0.0,0.0,0.0,0.0
BCRX,2025-02-24,2.0,1.0,0.0,1.0
BCRX,2025-01-02,0.0,0.0,0.0,0.0
BCRX,2024-11-25,0.0,0.0,0.0,0.0
BCRX,2024-09-20,1.0,1.0,0.0,0.0
BCRX,2024-06-18,0.0,0.0,0.0,0.0
BCRX,2024-05-22,0.0,0.0,0.0,0.0
BCRX,2024-05-21,0.0,0.0,0.0,0.0
BCRX,2024-04-23,0.0,0.0,0.0,0.0
BCRX,2024-03-18,0.0,0.0,0.0,0.0
BCRX,2025-11-21,1.0,0.0,0.0,1.0
AZN,2026-02-19,5.0,2.0,0.0,3.0
AZN,2026-02-11,1.0,1.0,0.0,0.0
AXSM,2026-04-13,0.0,0.0,0.0,0.0
AVDL,2024-11-11,0.0,0.0,0.0,0.0
AVDL,2024-10-03,0.0,0.0,0.0,0.0
AVDL,2024-06-21,0.0,0.0,0.0,0.0
AVDL,2024-04-15,0.0,0.0,0.0,0.0
AVDL,2024-03-01,0.0,0.0,0.0,0.0
AVDL,2024-02-16,0.0,0.0,0.0,0.0
AVDL,2024-01-10,0.0,0.0,0.0,0.0
AVDL,2024-01-08,0.0,0.0,0.0,0.0
AVBP,2026-06-23,0.0,0.0,0.0,0.0
AVBP,2026-06-22,0.0,0.0,0.0,0.0
AVBP,2026-02-10,0.0,0.0,0.0,0.0
AUPH,2025-08-01,0.0,0.0,0.0,0.0
AUPH,2025-05-09,0.0,0.0,0.0,0.0
AVDL,2025-01-03,0.0,0.0,0.0,0.0
AUPH,2025-03-05,0.0,0.0,0.0,0.0
AUPH,2025-02-18,0.0,0.0,0.0,0.0
AUPH,2025-02-07,0.0,0.0,0.0,0.0
AUPH,2025-01-13,0.0,0.0,0.0,0.0
AUPH,2024-12-09,0.0,0.0,0.0,0.0
AUPH,2024-11-15,0.0,0.0,0.0,0.0
AUPH,2024-10-25,0.0,0.0,0.0,0.0
AUPH,2024-09-24,0.0,0.0,0.0,0.0
AUPH,2024-09-05,0.0,0.0,0.0,0.0
AUPH,2024-08-23,0.0,0.0,0.0,0.0
AUPH,2024-08-21,0.0,0.0,0.0,0.0
AUPH,2024-08-19,0.0,0.0,0.0,0.0
AUPH,2024-07-23,0.0,0.0,0.0,0.0
AUPH,2024-07-22,0.0,0.0,0.0,0.0
AUPH,2025-02-24,0.0,0.0,0.0,0.0
AVDL,2025-01-13,0.0,0.0,0.0,0.0
AVDL,2025-02-21,0.0,0.0,0.0,0.0
AVDL,2025-03-21,0.0,0.0,0.0,0.0
AXSM,2025-01-15,0.0,0.0,0.0,0.0
AXSM,2024-12-18,0.0,0.0,0.0,0.0
AXSM,2024-07-08,0.0,0.0,0.0,0.0
AXSM,2024-01-18,0.0,0.0,0.0,0.0
AVXL,2025-09-18,0.0,0.0,0.0,0.0
AVXL,2025-07-23,0.0,0.0,0.0,0.0
AVXL,2025-04-21,0.0,0.0,0.0,0.0
AVXL,2024-12-23,1.0,1.0,0.0,0.0
AVXL,2024-11-15,0.0,0.0,0.0,0.0
AVXL,2024-03-08,0.0,0.0,0.0,0.0
AVXL,2024-03-07,0.0,0.0,0.0,0.0
AVTX,2026-08-17,0.0,0.0,0.0,0.0
AVTX,2026-04-29,0.0,0.0,0.0,0.0
AVTX,2026-04-09,0.0,0.0,0.0,0.0
AVTX,2026-03-25,0.0,0.0,0.0,0.0
AVTX,2025-11-26,0.0,0.0,0.0,0.0
AVDL,2026-02-11,1.0,0.0,0.0,1.0
AVDL,2025-12-24,1.0,0.0,0.0,1.0
AVDL,2025-12-03,1.0,0.0,0.0,1.0
AVDL,2025-11-26,0.0,0.0,0.0,0.0
AVDL,2025-11-17,4.0,2.0,0.0,2.0
AVDL,2025-10-22,2.0,1.0,0.0,1.0
AVDL,2025-10-14,0.0,0.0,0.0,0.0
AVDL,2025-10-13,0.0,0.0,0.0,0.0
AVDL,2025-09-16,1.0,1.0,0.0,0.0
AVDL,2025-08-13,0.0,0.0,0.0,0.0
AVDL,2025-07-21,0.0,0.0,0.0,0.0
AVDL,2025-06-11,0.0,0.0,0.0,0.0
AVDL,2025-06-09,0.0,0.0,0.0,0.0
AUPH,2024-04-01,0.0,0.0,0.0,0.0
COGT,2025-01-14,0.0,0.0,0.0,0.0
COGT,2024-02-08,0.0,0.0,0.0,0.0
COGT,2025-01-29,0.0,0.0,0.0,0.0
FOLD,2025-04-17,0.0,0.0,0.0,0.0
FOLD,2025-01-02,1.0,1.0,0.0,0.0
FOLD,2024-11-19,0.0,0.0,0.0,0.0
FOLD,2024-11-15,1.0,1.0,0.0,0.0
FOLD,2024-08-01,0.0,0.0,0.0,0.0
FOLD,2024-04-26,0.0,0.0,0.0,0.0
FOLD,2024-01-08,0.0,0.0,0.0,0.0
FDMT,2024-07-01,0.0,0.0,0.0,0.0
FDMT,2024-01-26,0.0,0.0,0.0,0.0
FATE,2024-03-20,0.0,0.0,0.0,0.0
EXEL,2026-07-09,0.0,0.0,0.0,0.0
EXEL,2026-06-18,0.0,0.0,0.0,0.0
EXEL,2026-05-28,0.0,0.0,0.0,0.0
FOLD,2025-09-19,0.0,0.0,0.0,0.0
EXEL,2025-10-15,2.0,2.0,0.0,0.0
ABT,2024-06-21,0.0,0.0,0.0,0.0
ABT,2024-09-13,7.0,4.0,0.0,3.0
ABT,2024-09-17,4.0,1.0,0.0,3.0
ABT,2025-01-31,0.0,0.0,0.0,0.0
ABT,2025-12-17,4.0,2.0,0.0,2.0
ABT,2025-12-19,2.0,0.0,0.0,2.0
ABT,2026-01-12,3.0,2.0,0.0,1.0
ABT,2026-08-21,1.0,0.0,0.0,1.0
ABUS,2026-07-07,0.0,0.0,0.0,0.0
ABUS,2026-07-15,0.0,0.0,0.0,0.0
ABUS,2026-08-25,0.0,0.0,0.0,0.0
ABVX,2026-09-11,0.0,0.0,0.0,0.0
ACAD,2024-03-06,0.0,0.0,0.0,0.0
ABEO,2026-01-09,0.0,0.0,0.0,0.0
ACAD,2024-03-25,0.0,0.0,0.0,0.0
FOLD,2025-11-07,0.0,0.0,0.0,0.0
FOLD,2025-12-17,0.0,0.0,0.0,0.0
ABCL,2026-06-29,0.0,0.0,0.0,0.0
ABCL,2026-07-01,0.0,0.0,0.0,0.0
ABCL,2026-07-02,0.0,0.0,0.0,0.0
ABCL,2026-08-07,0.0,0.0,0.0,0.0
ABCL,2026-08-18,0.0,0.0,0.0,0.0
GILD,2024-10-23,2.0,2.0,0.0,0.0
ABEO,2025-12-08,0.0,0.0,0.0,0.0
GILD,2024-07-30,0.0,0.0,0.0,0.0
GILD,2024-05-08,0.0,0.0,0.0,0.0
ABEO,2025-12-09,0.0,0.0,0.0,0.0
GILD,2024-04-16,0.0,0.0,0.0,0.0
GILD,2024-04-10,0.0,0.0,0.0,0.0
GERN,2025-01-13,0.0,0.0,0.0,0.0
FOLD,2025-11-19,0.0,0.0,0.0,0.0
GERN,2024-12-20,0.0,0.0,0.0,0.0
GERN,2024-11-05,0.0,0.0,0.0,0.0
GERN,2024-11-04,0.0,0.0,0.0,0.0
GERN,2024-10-14,0.0,0.0,0.0,0.0
GERN,2024-10-07,0.0,0.0,0.0,0.0
GERN,2024-08-12,0.0,0.0,0.0,0.0
GERN,2024-07-29,0.0,0.0,0.0,0.0
GERN,2024-07-16,0.0,0.0,0.0,0.0
GERN,2024-06-21,0.0,0.0,0.0,0.0
GERN,2024-06-17,0.0,0.0,0.0,0.0
GERN,2024-06-06,0.0,0.0,0.0,0.0
GERN,2024-05-01,0.0,0.0,0.0,0.0
GERN,2024-04-12,0.0,0.0,0.0,0.0
GANX,2026-01-05,0.0,0.0,0.0,0.0
GERN,2024-11-07,0.0,0.0,0.0,0.0
ABCL,2026-06-22,0.0,0.0,0.0,0.0
ACAD,2024-07-12,0.0,0.0,0.0,0.0
ACAD,2024-11-08,0.0,0.0,0.0,0.0
ERAS,2026-08-21,0.0,0.0,0.0,0.0
ERAS,2026-08-06,6.0,0.0,6.0,0.0
ERAS,2026-07-07,2.0,0.0,2.0,0.0
ERAS,2026-06-22,5.0,0.0,5.0,0.0
ERAS,2026-06-01,1.0,1.0,0.0,0.0
ERAS,2026-04-28,0.0,0.0,0.0,0.0
ERAS,2026-03-18,0.0,0.0,0.0,0.0
ERAS,2026-03-11,0.0,0.0,0.0,0.0
ERAS,2026-01-12,0.0,0.0,0.0,0.0
EOLS,2025-05-07,0.0,0.0,0.0,0.0
EOLS,2024-05-14,0.0,0.0,0.0,0.0
EOLS,2024-04-24,0.0,0.0,0.0,0.0
EOLS,2024-02-27,0.0,0.0,0.0,0.0
ERAS,2026-09-02,0.0,0.0,0.0,0.0
ELVN,2026-06-18,0.0,0.0,0.0,0.0
ELVN,2026-04-14,0.0,0.0,0.0,0.0
ELDN,2025-11-05,0.0,0.0,0.0,0.0
ELAN,2026-08-04,0.0,0.0,0.0,0.0
ELAN,2026-05-27,0.0,0.0,0.0,0.0
ELAN,2026-01-22,1.0,1.0,0.0,0.0
ELAN,2026-01-06,0.0,0.0,0.0,0.0
ELAN,2025-11-25,0.0,0.0,0.0,0.0
ELAN,2025-11-14,0.0,0.0,0.0,0.0
ELAN,2025-06-09,0.0,0.0,0.0,0.0
ELAN,2025-02-24,0.0,0.0,0.0,0.0
ALT,2024-10-15,0.0,0.0,0.0,0.0
ELAN,2024-12-03,4.0,0.0,4.0,0.0
ELAN,2024-08-29,1.0,0.0,0.0,1.0
ELVN,2026-06-16,0.0,0.0,0.0,0.0
ACAD,2024-08-13,0.0,0.0,0.0,0.0
ESPR,2025-12-23,0.0,0.0,0.0,0.0
ESPR,2026-05-11,0.0,0.0,0.0,0.0
ACAD,2024-12-31,0.0,0.0,0.0,0.0
ACAD,2025-02-27,0.0,0.0,0.0,0.0
EXEL,2025-10-09,0.0,0.0,0.0,0.0
EXEL,2025-10-03,1.0,1.0,0.0,0.0
EXEL,2025-07-28,0.0,0.0,0.0,0.0
EXEL,2025-02-21,1.0,1.0,0.0,0.0
EXEL,2024-12-18,0.0,0.0,0.0,0.0
EXEL,2024-11-01,2.0,2.0,0.0,0.0
EXEL,2024-10-08,2.0,2.0,0.0,0.0
EXEL,2024-09-30,0.0,0.0,0.0,0.0
EXEL,2024-09-10,0.0,0.0,0.0,0.0
EXEL,2024-08-22,0.0,0.0,0.0,0.0
EXEL,2024-08-16,0.0,0.0,0.0,0.0
ESPR,2026-01-12,0.0,0.0,0.0,0.0
EXEL,2024-07-09,0.0,0.0,0.0,0.0
EXEL,2024-06-18,0.0,0.0,0.0,0.0
ACAD,2025-03-17,0.0,0.0,0.0,0.0
EXEL,2024-05-15,0.0,0.0,0.0,0.0
EXEL,2024-05-01,0.0,0.0,0.0,0.0
EXEL,2024-03-07,0.0,0.0,0.0,0.0
EXEL,2024-03-01,0.0,0.0,0.0,0.0
EWTX,2024-12-06,0.0,0.0,0.0,0.0
ETNB,2025-10-29,0.0,0.0,0.0,0.0
ETNB,2025-10-02,0.0,0.0,0.0,0.0
ETNB,2025-07-18,0.0,0.0,0.0,0.0
ETNB,2025-07-07,0.0,0.0,0.0,0.0
ETNB,2024-03-15,0.0,0.0,0.0,0.0
ETNB,2024-03-12,0.0,0.0,0.0,0.0
EXEL,2024-06-26,0.0,0.0,0.0,0.0
ABCL,2026-06-17,0.0,0.0,0.0,0.0
ABCL,2026-05-05,0.0,0.0,0.0,0.0
ABCL,2026-05-01,0.0,0.0,0.0,0.0
IBRX,2024-02-26,0.0,0.0,0.0,0.0
IBRX,2024-02-16,0.0,0.0,0.0,0.0
IBRX,2024-01-16,0.0,0.0,0.0,0.0
HUMA,2024-12-06,2.0,0.0,2.0,0.0
HUMA,2024-10-18,0.0,0.0,0.0,0.0
HUMA,2024-10-02,0.0,0.0,0.0,0.0
HUMA,2024-09-20,0.0,0.0,0.0,0.0
HUMA,2024-07-16,0.0,0.0,0.0,0.0
HUMA,2024-07-12,0.0,0.0,0.0,0.0
HUMA,2024-07-05,0.0,0.0,0.0,0.0
HUMA,2024-05-30,0.0,0.0,0.0,0.0
HUMA,2024-05-20,0.0,0.0,0.0,0.0
HROW,2026-01-26,0.0,0.0,0.0,0.0
IBRX,2024-02-29,0.0,0.0,0.0,0.0
HROW,2026-01-15,0.0,0.0,0.0,0.0
HROW,2025-01-14,0.0,0.0,0.0,0.0
HROW,2024-12-19,0.0,0.0,0.0,0.0
HROW,2024-12-12,0.0,0.0,0.0,0.0
HROW,2024-04-19,0.0,0.0,0.0,0.0
HRMY,2026-02-18,0.0,0.0,0.0,0.0
HRMY,2025-09-24,0.0,0.0,0.0,0.0
HRMY,2025-09-23,0.0,0.0,0.0,0.0
HELP,2026-08-25,0.0,0.0,0.0,0.0
HALO,2026-05-12,0.0,0.0,0.0,0.0
HALO,2026-05-11,0.0,0.0,0.0,0.0
HALO,2025-12-04,0.0,0.0,0.0,0.0
HALO,2025-03-20,0.0,0.0,0.0,0.0
HALO,2025-02-19,0.0,0.0,0.0,0.0
HROW,2025-11-11,0.0,0.0,0.0,0.0
HALO,2024-11-01,0.0,0.0,0.0,0.0
IBRX,2024-03-04,0.0,0.0,0.0,0.0
IBRX,2024-03-18,0.0,0.0,0.0,0.0
IMCR,2026-03-16,0.0,0.0,0.0,0.0
IMCR,2026-02-20,1.0,0.0,0.0,1.0
IDYA,2026-04-22,0.0,0.0,0.0,0.0
IDYA,2026-04-13,1.0,1.0,0.0,0.0
IDYA,2025-09-02,0.0,0.0,0.0,0.0
ICVX,2024-01-31,0.0,0.0,0.0,0.0
IBRX,2026-09-02,0.0,0.0,0.0,0.0
IBRX,2026-08-20,0.0,0.0,0.0,0.0
IBRX,2026-08-13,0.0,0.0,0.0,0.0
ABBV,2024-04-17,0.0,0.0,0.0,0.0
IBRX,2026-05-04,4.0,0.0,4.0,0.0
IBRX,2026-04-24,9.0,0.0,8.0,1.0
IBRX,2026-04-10,10.0,1.0,9.0,0.0
IBRX,2024-03-07,0.0,0.0,0.0,0.0
ABBV,2024-07-09,1.0,0.0,0.0,1.0
IBRX,2025-06-17,0.0,0.0,0.0,0.0
IBRX,2025-06-10,0.0,0.0,0.0,0.0
IBRX,2025-02-06,0.0,0.0,0.0,0.0
IBRX,2025-02-05,0.0,0.0,0.0,0.0
IBRX,2025-01-24,0.0,0.0,0.0,0.0
IBRX,2024-11-20,0.0,0.0,0.0,0.0
ABBV,2024-10-17,6.0,6.0,0.0,0.0
IBRX,2024-10-23,0.0,0.0,0.0,0.0
IBRX,2024-07-09,0.0,0.0,0.0,0.0
IBRX,2024-06-20,0.0,0.0,0.0,0.0
IBRX,2024-06-03,0.0,0.0,0.0,0.0
IBRX,2024-04-19,0.0,0.0,0.0,0.0
IBRX,2024-03-25,0.0,0.0,0.0,0.0
ABBV,2024-07-10,1.0,0.0,0.0,1.0
HALO,2024-04-15,0.0,0.0,0.0,0.0
ABBV,2025-05-01,2.0,1.0,0.0,1.0
GSK,2026-07-17,2.0,1.0,0.0,1.0
GPCR,2024-12-06,0.0,0.0,0.0,0.0
GOSS,2026-02-10,0.0,0.0,0.0,0.0
GOSS,2026-02-05,0.0,0.0,0.0,0.0
GOSS,2026-01-23,0.0,0.0,0.0,0.0
GMAB,2026-05-22,0.0,0.0,0.0,0.0
GMAB,2025-05-16,0.0,0.0,0.0,0.0
GLUE,2026-04-22,0.0,0.0,0.0,0.0
GLUE,2026-01-07,0.0,0.0,0.0,0.0
GLUE,2026-01-06,0.0,0.0,0.0,0.0
GILD,2026-09-14,0.0,0.0,0.0,0.0
GILD,2026-02-18,0.0,0.0,0.0,0.0
GILD,2026-01-20,0.0,0.0,0.0,0.0
ABBV,2025-10-23,6.0,4.0,0.0,2.0
GPCR,2024-12-18,0.0,0.0,0.0,0.0
GILD,2025-02-25,1.0,1.0,0.0,0.0
ABCL,2025-07-14,0.0,0.0,0.0,0.0
ABCL,2025-09-11,0.0,0.0,0.0,0.0
ABCL,2025-09-16,0.0,0.0,0.0,0.0
ABCL,2025-09-18,0.0,0.0,0.0,0.0
ABCL,2025-09-22,0.0,0.0,0.0,0.0
ABCL,2025-09-23,0.0,0.0,0.0,0.0
ABCL,2025-11-20,0.0,0.0,0.0,0.0
ABCL,2026-01-06,0.0,0.0,0.0,0.0
ABCL,2026-01-16,0.0,0.0,0.0,0.0
ABCL,2026-02-25,0.0,0.0,0.0,0.0
ABCL,2026-04-22,0.0,0.0,0.0,0.0
ABCL,2026-04-24,0.0,0.0,0.0,0.0
ABCL,2026-04-28,0.0,0.0,0.0,0.0
ABBV,2025-11-04,6.0,4.0,1.0,1.0
GPCR,2025-09-05,0.0,0.0,0.0,0.0
GPCR,2025-10-14,0.0,0.0,0.0,0.0
GPCR,2025-11-19,0.0,0.0,0.0,0.0
GSK,2026-07-08,0.0,0.0,0.0,0.0
GSK,2026-02-24,3.0,2.0,0.0,1.0
GSK,2025-11-13,1.0,0.0,0.0,1.0
GSK,2025-07-15,0.0,0.0,0.0,0.0
GSK,2025-07-14,0.0,0.0,0.0,0.0
GSK,2025-06-25,0.0,0.0,0.0,0.0
GSK,2025-03-17,1.0,0.0,1.0,0.0
GSK,2024-12-23,1.0,1.0,0.0,0.0
GSK,2024-11-27,2.0,2.0,0.0,0.0
GSK,2024-10-29,0.0,0.0,0.0,0.0
GSK,2024-06-20,0.0,0.0,0.0,0.0
GSK,2024-05-15,0.0,0.0,0.0,0.0
GSK,2024-05-09,0.0,0.0,0.0,0.0
GSK,2024-04-05,0.0,0.0,0.0,0.0
GSK,2024-03-21,0.0,0.0,0.0,0.0
GSK,2024-02-01,0.0,0.0,0.0,0.0
GSK,2024-01-17,0.0,0.0,0.0,0.0
GRFS,2024-12-23,0.0,0.0,0.0,0.0
GRFS,2024-04-02,0.0,0.0,0.0,0.0
GRFS,2024-03-14,0.0,0.0,0.0,0.0
GRFS,2024-01-03,0.0,0.0,0.0,0.0
GRCL,2024-02-20,0.0,0.0,0.0,0.0
GRCL,2024-02-09,0.0,0.0,0.0,0.0
GRCL,2024-01-30,0.0,0.0,0.0,0.0
GRCL,2024-01-29,0.0,0.0,0.0,0.0
GRCL,2024-01-25,0.0,0.0,0.0,0.0
GRCL,2024-01-23,0.0,0.0,0.0,0.0
GPCR,2026-06-08,0.0,0.0,0.0,0.0
GPCR,2025-12-11,1.0,1.0,0.0,0.0
ELAN,2024-08-27,0.0,0.0,0.0,0.0
ELAN,2024-08-22,1.0,0.0,0.0,1.0
ELAN,2024-12-19,0.0,0.0,0.0,0.0
ELAN,2024-06-24,0.0,0.0,0.0,0.0
CTLT,2024-02-08,0.0,0.0,0.0,0.0
ALKS,2025-07-17,0.0,0.0,0.0,0.0
CTLT,2024-02-06,0.0,0.0,0.0,0.0
CTLT,2024-01-31,0.0,0.0,0.0,0.0
CRVS,2026-05-15,0.0,0.0,0.0,0.0
ALKS,2025-09-08,0.0,0.0,0.0,0.0
CRVS,2026-02-19,0.0,0.0,0.0,0.0
CRVS,2026-01-29,0.0,0.0,0.0,0.0
CRVS,2026-01-26,1.0,1.0,0.0,0.0
CRVS,2025-12-17,0.0,0.0,0.0,0.0
CRVS,2025-12-08,0.0,0.0,0.0,0.0
ALKS,2025-10-16,0.0,0.0,0.0,0.0
ALKS,2025-11-07,0.0,0.0,0.0,0.0
ALKS,2024-02-20,0.0,0.0,0.0,0.0
ALKS,2025-12-12,0.0,0.0,0.0,0.0
ALKS,2026-07-21,0.0,0.0,0.0,0.0
ALKS,2026-07-22,0.0,0.0,0.0,0.0
ALLO,2024-02-12,0.0,0.0,0.0,0.0
ALMS,2026-07-29,0.0,0.0,0.0,0.0
ALMS,2026-08-18,0.0,0.0,0.0,0.0
ALMS,2026-08-25,0.0,0.0,0.0,0.0
ALNY,2024-09-03,1.0,0.0,1.0,0.0
ALNY,2025-03-20,0.0,0.0,0.0,0.0
ALNY,2025-10-17,0.0,0.0,0.0,0.0
ALNY,2025-12-09,1.0,1.0,0.0,0.0
ALT,2024-02-12,0.0,0.0,0.0,0.0
ALT,2024-04-22,0.0,0.0,0.0,0.0
ALT,2024-05-03,0.0,0.0,0.0,0.0
ALKS,2026-01-02,0.0,0.0,0.0,0.0
CTLT,2024-02-20,0.0,0.0,0.0,0.0
CTLT,2024-05-01,0.0,0.0,0.0,0.0
CTLT,2024-05-02,0.0,0.0,0.0,0.0
ELAN,2024-08-20,1.0,0.0,1.0,0.0
CYTK,2025-05-02,1.0,0.0,0.0,1.0
CYTK,2025-02-21,1.0,1.0,0.0,0.0
CYTK,2025-01-14,0.0,0.0,0.0,0.0
AKBA,2025-07-09,1.0,0.0,0.0,1.0
CYTK,2024-12-20,0.0,0.0,0.0,0.0
CYTK,2024-08-09,0.0,0.0,0.0,0.0
AKRO,2024-06-07,0.0,0.0,0.0,0.0
AKRO,2025-04-14,0.0,0.0,0.0,0.0
CYTK,2024-06-06,0.0,0.0,0.0,0.0
AKRO,2025-05-14,2.0,2.0,0.0,0.0
CYTK,2024-05-30,0.0,0.0,0.0,0.0
AKRO,2025-06-09,0.0,0.0,0.0,0.0
CYTK,2024-05-13,0.0,0.0,0.0,0.0
CYTK,2024-04-30,0.0,0.0,0.0,0.0
CYTK,2024-04-23,0.0,0.0,0.0,0.0
AKRO,2025-06-10,0.0,0.0,0.0,0.0
CYTK,2024-01-18,0.0,0.0,0.0,0.0
AKRO,2025-08-06,0.0,0.0,0.0,0.0
AKRO,2025-12-08,0.0,0.0,0.0,0.0
ALDX,2026-03-12,0.0,0.0,0.0,0.0
CYRX,2026-07-09,0.0,0.0,0.0,0.0
CYRX,2024-02-13,0.0,0.0,0.0,0.0
CTMX,2025-12-26,0.0,0.0,0.0,0.0
CTMX,2025-12-19,0.0,0.0,0.0,0.0
CTMX,2025-11-21,0.0,0.0,0.0,0.0
ALDX,2026-03-17,2.0,0.0,2.0,0.0
CTLT,2024-11-22,0.0,0.0,0.0,0.0
CTLT,2024-06-20,0.0,0.0,0.0,0.0
ALT,2024-05-15,0.0,0.0,0.0,0.0
CYTK,2025-08-19,1.0,1.0,0.0,0.0
ALT,2024-05-16,0.0,0.0,0.0,0.0
ALT,2024-07-25,1.0,0.0,1.0,0.0
CPRX,2025-09-03,0.0,0.0,0.0,0.0
CORT,2026-03-12,8.0,0.0,8.0,0.0
CORT,2026-01-08,2.0,0.0,2.0,0.0
CORT,2026-01-07,2.0,0.0,2.0,0.0
CORT,2025-12-26,0.0,0.0,0.0,0.0
CORT,2025-12-05,0.0,0.0,0.0,0.0
CORT,2025-07-30,0.0,0.0,0.0,0.0
CORT,2025-06-20,0.0,0.0,0.0,0.0
CORT,2025-06-12,0.0,0.0,0.0,0.0
CORT,2025-05-29,0.0,0.0,0.0,0.0
CORT,2025-02-24,0.0,0.0,0.0,0.0
CORT,2025-01-13,0.0,0.0,0.0,0.0
CORT,2024-12-11,1.0,1.0,0.0,0.0
CPRX,2025-12-23,0.0,0.0,0.0,0.0
CORT,2024-05-31,0.0,0.0,0.0,0.0
ALT,2024-10-01,0.0,0.0,0.0,0.0
CORT,2024-04-23,0.0,0.0,0.0,0.0
CORT,2024-04-16,0.0,0.0,0.0,0.0
CORT,2024-01-08,0.0,0.0,0.0,0.0
COLL,2026-05-14,1.0,1.0,0.0,0.0
COLL,2025-11-05,0.0,0.0,0.0,0.0
COGT,2025-11-06,1.0,1.0,0.0,0.0
COGT,2025-09-05,0.0,0.0,0.0,0.0
COGT,2025-08-12,0.0,0.0,0.0,0.0
COGT,2025-07-07,0.0,0.0,0.0,0.0
COGT,2025-06-30,0.0,0.0,0.0,0.0
COGT,2025-04-07,0.0,0.0,0.0,0.0
COGT,2025-02-28,0.0,0.0,0.0,0.0
CORT,2024-05-08,0.0,0.0,0.0,0.0
CPRX,2026-03-31,0.0,0.0,0.0,0.0
CRBP,2026-09-11,0.0,0.0,0.0,0.0
CRBP,2026-09-14,0.0,0.0,0.0,0.0
ALT,2024-09-11,0.0,0.0,0.0,0.0
CRVS,2025-11-11,0.0,0.0,0.0,0.0
ALT,2024-09-12,0.0,0.0,0.0,0.0
CRSP,2025-09-15,0.0,0.0,0.0,0.0
ALT,2024-09-18,1.0,0.0,0.0,1.0
CRSP,2024-05-03,0.0,0.0,0.0,0.0
CRSP,2024-01-25,0.0,0.0,0.0,0.0
CRNX,2025-07-09,0.0,0.0,0.0,0.0
CRNX,2024-04-25,0.0,0.0,0.0,0.0
CRNX,2024-03-05,0.0,0.0,0.0,0.0
CRNX,2024-01-19,0.0,0.0,0.0,0.0
CRNX,2024-01-05,0.0,0.0,0.0,0.0
CRMD,2026-07-01,0.0,0.0,0.0,0.0
CRMD,2026-06-25,0.0,0.0,0.0,0.0
CRMD,2026-05-13,0.0,0.0,0.0,0.0
CRMD,2026-01-29,0.0,0.0,0.0,0.0
CRMD,2025-12-09,0.0,0.0,0.0,0.0
CRMD,2025-10-10,0.0,0.0,0.0,0.0
CRMD,2025-09-24,0.0,0.0,0.0,0.0
CRMD,2025-08-14,0.0,0.0,0.0,0.0
CRMD,2025-07-18,0.0,0.0,0.0,0.0
CRMD,2025-05-22,0.0,0.0,0.0,0.0
CRMD,2025-05-09,0.0,0.0,0.0,0.0
CRMD,2025-03-27,0.0,0.0,0.0,0.0
CRMD,2025-03-25,0.0,0.0,0.0,0.0
CRMD,2025-03-11,0.0,0.0,0.0,0.0
CRMD,2025-02-18,0.0,0.0,0.0,0.0
CRMD,2025-01-13,0.0,0.0,0.0,0.0
CRMD,2025-01-07,0.0,0.0,0.0,0.0
ALT,2024-06-13,0.0,0.0,0.0,0.0
CYTK,2025-08-27,0.0,0.0,0.0,0.0
CYTK,2025-06-17,1.0,1.0,0.0,0.0
CYTK,2025-09-03,1.0,1.0,0.0,0.0
ADMA,2025-01-06,0.0,0.0,0.0,0.0
ADMA,2025-01-10,0.0,0.0,0.0,0.0
ADMA,2025-03-03,0.0,0.0,0.0,0.0
ADMA,2025-04-09,1.0,1.0,0.0,0.0
ADMA,2025-04-15,0.0,0.0,0.0,0.0
ADMA,2025-07-21,0.0,0.0,0.0,0.0
ADMA,2025-08-05,0.0,0.0,0.0,0.0
ADMA,2025-08-06,0.0,0.0,0.0,0.0
ADMA,2025-09-19,0.0,0.0,0.0,0.0
ADMA,2025-09-29,0.0,0.0,0.0,0.0
ADMA,2025-10-01,0.0,0.0,0.0,0.0
ADMA,2025-10-20,0.0,0.0,0.0,0.0
ADMA,2025-11-06,0.0,0.0,0.0,0.0
ADMA,2024-11-25,0.0,0.0,0.0,0.0
ADMA,2026-02-05,0.0,0.0,0.0,0.0
ADMA,2026-02-25,0.0,0.0,0.0,0.0
ADMA,2026-03-18,0.0,0.0,0.0,0.0
ADMA,2026-03-27,2.0,0.0,2.0,0.0
ADMA,2026-04-07,1.0,0.0,1.0,0.0
ADMA,2026-04-13,1.0,0.0,1.0,0.0
ADMA,2026-05-21,3.0,0.0,1.0,2.0
ADMA,2026-07-14,2.0,0.0,2.0,0.0
ADMA,2026-09-28,0.0,0.0,0.0,0.0
ADMA,2026-09-29,0.0,0.0,0.0,0.0
ADPT,2025-06-30,0.0,0.0,0.0,0.0
AGIO,2024-07-08,0.0,0.0,0.0,0.0
AGIO,2024-10-04,0.0,0.0,0.0,0.0
AGIO,2025-08-21,0.0,0.0,0.0,0.0
ADMA,2026-02-19,0.0,0.0,0.0,0.0
AGIO,2025-11-19,1.0,0.0,1.0,0.0
ADMA,2024-11-11,0.0,0.0,0.0,0.0
ADMA,2024-11-05,1.0,0.0,1.0,0.0
ELAN,2024-05-23,0.0,0.0,0.0,0.0
EDIT,2024-06-12,0.0,0.0,0.0,0.0
EBS,2026-09-11,2.0,1.0,1.0,0.0
EBS,2026-06-24,0.0,0.0,0.0,0.0
EBS,2026-01-06,0.0,0.0,0.0,0.0
EBS,2025-12-15,0.0,0.0,0.0,0.0
EBS,2025-10-30,0.0,0.0,0.0,0.0
EBS,2025-09-25,0.0,0.0,0.0,0.0
EBS,2025-08-07,0.0,0.0,0.0,0.0
ACAD,2025-04-10,0.0,0.0,0.0,0.0
ACAD,2025-04-17,0.0,0.0,0.0,0.0
ACAD,2025-04-21,0.0,0.0,0.0,0.0
ACAD,2025-04-22,1.0,1.0,0.0,0.0
ADMA,2024-11-07,0.0,0.0,0.0,0.0
ACAD,2025-04-25,1.0,1.0,0.0,0.0
ACAD,2025-05-02,0.0,0.0,0.0,0.0
EBS,2024-08-08,0.0,0.0,0.0,0.0
ACAD,2025-11-25,0.0,0.0,0.0,0.0
ACAD,2026-06-18,0.0,0.0,0.0,0.0
ACAD,2026-09-16,0.0,0.0,0.0,0.0
ACLX,2024-04-02,0.0,0.0,0.0,0.0
ACLX,2024-04-16,0.0,0.0,0.0,0.0
ACLX,2024-11-05,0.0,0.0,0.0,0.0
ACLX,2025-01-13,0.0,0.0,0.0,0.0
ACLX,2025-04-04,0.0,0.0,0.0,0.0
ACLX,2026-03-24,1.0,1.0,0.0,0.0
ADMA,2024-05-09,0.0,0.0,0.0,0.0
ADMA,2024-08-09,0.0,0.0,0.0,0.0
EBS,2024-08-14,0.0,0.0,0.0,0.0
AGIO,2025-12-08,0.0,0.0,0.0,0.0
AGIO,2025-08-04,0.0,0.0,0.0,0.0
DNA,2024-09-17,3.0,2.0,1.0,0.0
DNA,2025-01-17,0.0,0.0,0.0,0.0
DNA,2024-11-25,0.0,0.0,0.0,0.0
DNA,2024-11-13,0.0,0.0,0.0,0.0
AGIO,2025-12-24,2.0,2.0,0.0,0.0
DAWN,2026-03-19,1.0,1.0,0.0,0.0
DAWN,2026-01-22,0.0,0.0,0.0,0.0
DAWN,2026-01-15,0.0,0.0,0.0,0.0
DAWN,2026-01-12,0.0,0.0,0.0,0.0
DAWN,2025-12-19,0.0,0.0,0.0,0.0
DAWN,2025-12-18,0.0,0.0,0.0,0.0
DAWN,2025-11-17,0.0,0.0,0.0,0.0
DAWN,2025-11-14,2.0,2.0,0.0,0.0
DAWN,2025-11-13,2.0,2.0,0.0,0.0
DAWN,2025-11-04,0.0,0.0,0.0,0.0
CYTK,2026-07-17,1.0,1.0,0.0,0.0
CYTK,2026-07-16,1.0,1.0,0.0,0.0
CYTK,2026-06-24,0.0,0.0,0.0,0.0
CYTK,2026-06-23,0.0,0.0,0.0,0.0
CYTK,2026-06-22,0.0,0.0,0.0,0.0
CYTK,2026-05-20,1.0,0.0,0.0,1.0
CYTK,2026-05-12,1.0,1.0,0.0,0.0
CYTK,2026-05-06,0.0,0.0,0.0,0.0
CYTK,2026-03-18,1.0,0.0,0.0,1.0
CYTK,2026-03-16,0.0,0.0,0.0,0.0
CYTK,2025-10-08,4.0,0.0,4.0,0.0
CYTK,2025-10-03,7.0,0.0,7.0,0.0
CYTK,2025-09-22,2.0,0.0,2.0,0.0
DNA,2025-07-29,0.0,0.0,0.0,0.0
DNA,2025-09-29,0.0,0.0,0.0,0.0
AQST,2026-06-18,0.0,0.0,0.0,0.0
DNA,2025-10-13,0.0,0.0,0.0,0.0
AGIO,2025-12-26,2.0,2.0,0.0,0.0
AGIO,2026-03-31,2.0,2.0,0.0,0.0
AKBA,2025-06-03,0.0,0.0,0.0,0.0
AKBA,2025-06-10,0.0,0.0,0.0,0.0
AKBA,2025-06-27,0.0,0.0,0.0,0.0
DYN,2026-08-24,0.0,0.0,0.0,0.0
DNA,2025-09-30,0.0,0.0,0.0,0.0
DYN,2024-12-20,0.0,0.0,0.0,0.0
DYN,2024-03-26,0.0,0.0,0.0,0.0
DYN,2024-01-25,0.0,0.0,0.0,0.0
DVAX,2025-03-25,0.0,0.0,0.0,0.0
DYN,2025-03-20,0.0,0.0,0.0,0.0
DNTH,2026-01-29,0.0,0.0,0.0,0.0
DNA,2025-10-22,0.0,0.0,0.0,0.0
DNTH,2025-09-12,1.0,0.0,0.0,1.0
DNLI,2024-02-27,0.0,0.0,0.0,0.0
DNA,2026-08-21,0.0,0.0,0.0,0.0
DNA,2025-11-06,0.0,0.0,0.0,0.0
DNA,2026-08-19,0.0,0.0,0.0,0.0
DNA,2026-06-08,0.0,0.0,0.0,0.0
DNA,2026-02-10,0.0,0.0,0.0,0.0
DNA,2026-02-19,0.0,0.0,0.0,0.0
ABT,2024-10-30,2.0,2.0,0.0,0.0
ALT,2024-02-06,0.0,0.0,0.0,0.0
VERV,2025-06-17,1.0,1.0,0.0,0.0
MRK,2024-10-01,1.0,1.0,0.0,0.0
SLS,2026-05-26,0.0,0.0,0.0,0.0
EBS,2024-08-16,1.0,0.0,0.0,1.0
ABBV,2024-07-11,3.0,1.0,1.0,1.0
CYTK,2025-09-02,2.0,2.0,0.0,0.0
RLAY,2026-06-10,0.0,0.0,0.0,0.0
ABT,2026-06-25,4.0,2.0,0.0,2.0
ATYR,2025-07-29,0.0,0.0,0.0,0.0
RXRX,2026-09-18,0.0,0.0,0.0,0.0
RXRX,2026-08-21,0.0,0.0,0.0,0.0
BMY,2024-02-26,0.0,0.0,0.0,0.0
MRK,2024-06-17,0.0,0.0,0.0,0.0
BMY,2026-09-28,3.0,3.0,0.0,0.0
GILD,2025-02-19,0.0,0.0,0.0,0.0
GILD,2025-10-01,1.0,0.0,0.0,1.0
ABBV,2024-03-18,0.0,0.0,0.0,0.0
ABBV,2026-03-30,2.0,1.0,0.0,1.0
GILD,2025-10-03,1.0,0.0,0.0,1.0
RXRX,2024-02-16,0.0,0.0,0.0,0.0
ABT,2025-02-20,4.0,4.0,0.0,0.0
RXRX,2025-05-05,1.0,1.0,0.0,0.0
MRK,2024-09-16,9.0,4.0,1.0,4.0
NVAX,2024-09-20,0.0,0.0,0.0,0.0
SRPT,2025-08-11,1.0,0.0,1.0,0.0
JNJ,2024-09-20,6.0,4.0,0.0,2.0
ABT,2026-07-20,1.0,1.0,0.0,0.0
ABT,2025-02-10,1.0,1.0,0.0,0.0
AMGN,2026-05-14,4.0,4.0,0.0,0.0
MRK,2024-11-13,3.0,2.0,0.0,1.0
RXRX,2025-11-07,0.0,0.0,0.0,0.0
ABBV,2024-11-20,0.0,0.0,0.0,0.0
NVAX,2026-05-07,0.0,0.0,0.0,0.0
CORT,2024-05-02,0.0,0.0,0.0,0.0
ABBV,2024-10-14,4.0,4.0,0.0,0.0
AMGN,2026-01-08,3.0,3.0,0.0,0.0
ABBV,2024-10-25,2.0,2.0,0.0,0.0
BMY,2026-02-23,2.0,1.0,0.0,1.0
ABBV,2025-04-16,1.0,0.0,0.0,1.0
BMY,2025-07-21,1.0,0.0,1.0,0.0
BMY,2025-02-04,2.0,1.0,0.0,1.0
GILD,2025-02-18,0.0,0.0,0.0,0.0
ABT,2026-04-30,3.0,3.0,0.0,0.0
ALNY,2024-06-24,0.0,0.0,0.0,0.0
JNJ,2025-02-18,0.0,0.0,0.0,0.0
NVAX,2026-01-16,0.0,0.0,0.0,0.0
TEVA,2026-04-29,2.0,2.0,0.0,0.0
TGTX,2024-11-13,0.0,0.0,0.0,0.0
AMGN,2024-02-20,0.0,0.0,0.0,0.0
LQDA,2025-08-12,0.0,0.0,0.0,0.0
ABT,2024-09-11,5.0,3.0,0.0,2.0
VKTX,2024-09-12,3.0,3.0,0.0,0.0
ABBV,2026-08-26,3.0,3.0,0.0,0.0
VTYX,2026-01-07,3.0,2.0,1.0,0.0
MRK,2025-03-14,8.0,4.0,2.0,2.0
ABBV,2025-10-14,2.0,1.0,0.0,1.0
JNJ,2026-07-21,9.0,4.0,0.0,5.0
NVAX,2025-01-06,0.0,0.0,0.0,0.0
IBRX,2026-05-08,6.0,0.0,6.0,0.0
ABT,2026-04-17,8.0,3.0,4.0,1.0
MRK,2026-09-24,4.0,2.0,0.0,2.0
AMGN,2026-08-20,2.0,0.0,0.0,2.0
ABBV,2024-03-20,0.0,0.0,0.0,0.0
ABBV,2025-04-15,1.0,0.0,0.0,1.0
ABBV,2024-06-21,0.0,0.0,0.0,0.0
TEVA,2024-06-11,0.0,0.0,0.0,0.0
BMY,2025-05-09,2.0,2.0,0.0,0.0
ABBV,2025-08-15,2.0,1.0,0.0,1.0
MRK,2024-06-20,0.0,0.0,0.0,0.0
ABBV,2025-05-16,1.0,0.0,1.0,0.0
CRSP,2025-10-03,1.0,1.0,0.0,0.0
MRK,2024-05-28,0.0,0.0,0.0,0.0
JNJ,2024-11-15,2.0,2.0,0.0,0.0
TEVA,2025-10-08,1.0,1.0,0.0,0.0
MRK,2024-11-11,2.0,0.0,0.0,2.0
BMY,2026-03-18,3.0,0.0,0.0,3.0
OGN,2026-04-24,1.0,1.0,0.0,0.0
BMY,2026-05-28,0.0,0.0,0.0,0.0
ABBV,2026-08-21,3.0,1.0,0.0,2.0
RXRX,2026-09-21,0.0,0.0,0.0,0.0
ABBV,2024-10-29,3.0,1.0,0.0,2.0
NVAX,2025-08-15,1.0,0.0,0.0,1.0
BHVN,2025-11-05,0.0,0.0,0.0,0.0
MRK,2025-04-16,0.0,0.0,0.0,0.0
NVO,2024-02-12,0.0,0.0,0.0,0.0
JNJ,2024-11-12,4.0,4.0,0.0,0.0
BMY,2024-06-20,0.0,0.0,0.0,0.0
JNJ,2024-05-23,0.0,0.0,0.0,0.0
ABCL,2026-07-10,0.0,0.0,0.0,0.0
JNJ,2024-02-20,0.0,0.0,0.0,0.0
JNJ,2026-08-03,6.0,2.0,0.0,4.0
JNJ,2026-09-24,6.0,3.0,0.0,3.0
BMY,2025-04-04,3.0,2.0,0.0,1.0
MRK,2026-05-20,2.0,0.0,0.0,2.0
ABBV,2025-11-19,4.0,2.0,0.0,2.0
MRNA,2026-08-14,0.0,0.0,0.0,0.0
ABBV,2025-02-21,5.0,4.0,0.0,1.0
BMY,2025-06-10,2.0,2.0,0.0,0.0
BMY,2024-03-14,0.0,0.0,0.0,0.0
SLS,2026-05-20,0.0,0.0,0.0,0.0
MRK,2024-07-26,3.0,2.0,0.0,1.0
ABBV,2026-01-15,3.0,3.0,0.0,0.0
ABBV,2026-02-03,1.0,1.0,0.0,0.0
BMY,2024-02-13,0.0,0.0,0.0,0.0
MRNA,2026-06-24,1.0,1.0,0.0,0.0
SRPT,2025-11-04,1.0,0.0,1.0,0.0
ABBV,2026-01-09,3.0,0.0,0.0,3.0
RXRX,2025-09-11,0.0,0.0,0.0,0.0
MRNA,2025-11-13,2.0,0.0,0.0,2.0
JNJ,2024-06-24,0.0,0.0,0.0,0.0
BMY,2024-08-14,1.0,0.0,0.0,1.0
BMY,2024-05-02,0.0,0.0,0.0,0.0
ATAI,2026-07-16,1.0,1.0,0.0,0.0
BMY,2026-07-16,2.0,1.0,0.0,1.0
MRK,2025-09-10,3.0,1.0,0.0,2.0
BMY,2025-02-24,5.0,2.0,0.0,3.0
NVO,2025-01-02,4.0,3.0,0.0,1.0
BMY,2026-04-17,0.0,0.0,0.0,0.0
JNJ,2025-05-15,3.0,3.0,0.0,0.0
SLS,2026-07-17,0.0,0.0,0.0,0.0
AMGN,2025-12-03,2.0,1.0,0.0,1.0
MRNA,2025-08-06,1.0,1.0,0.0,0.0
NVO,2024-11-01,5.0,2.0,0.0,3.0
MRK,2025-12-26,3.0,2.0,0.0,1.0
JNJ,2024-05-17,0.0,0.0,0.0,0.0
RXRX,2025-02-06,0.0,0.0,0.0,0.0
NVAX,2026-01-13,0.0,0.0,0.0,0.0
MRNA,2025-06-10,0.0,0.0,0.0,0.0
GILD,2024-09-12,2.0,2.0,0.0,0.0
MRK,2025-05-08,3.0,3.0,0.0,0.0
SRPT,2025-08-15,5.0,0.0,5.0,0.0
NVO,2025-05-01,10.0,7.0,0.0,3.0
AMGN,2024-11-18,2.0,2.0,0.0,0.0
RXRX,2025-10-14,1.0,0.0,0.0,1.0
ABBV,2024-11-13,5.0,2.0,3.0,0.0
ABT,2024-10-15,2.0,2.0,0.0,0.0
AMGN,2024-05-15,0.0,0.0,0.0,0.0
CRSP,2025-06-30,0.0,0.0,0.0,0.0
INSM,2024-05-28,0.0,0.0,0.0,0.0
BMY,2026-04-08,3.0,3.0,0.0,0.0
VKTX,2024-09-13,4.0,4.0,0.0,0.0
IBRX,2026-01-15,3.0,3.0,0.0,0.0
NVAX,2024-10-14,0.0,0.0,0.0,0.0
NVO,2025-07-15,3.0,2.0,0.0,1.0
JNJ,2024-07-24,2.0,2.0,0.0,0.0
SWTX,2025-04-25,1.0,1.0,0.0,0.0
ABT,2025-04-16,3.0,3.0,0.0,0.0
BMY,2024-03-13,0.0,0.0,0.0,0.0
MRK,2026-07-17,3.0,2.0,0.0,1.0
MRNA,2024-12-11,2.0,1.0,1.0,0.0
ABBV,2024-04-12,0.0,0.0,0.0,0.0
RXRX,2025-10-01,2.0,0.0,1.0,1.0
NVO,2024-07-30,5.0,2.0,1.0,2.0
NVO,2026-02-19,5.0,2.0,1.0,2.0
RXRX,2024-12-02,0.0,0.0,0.0,0.0
MRNA,2024-02-14,0.0,0.0,0.0,0.0
LLY,2024-12-30,5.0,5.0,0.0,0.0
JNJ,2025-02-14,4.0,2.0,0.0,2.0
TGTX,2024-01-10,0.0,0.0,0.0,0.0
JNJ,2024-04-17,0.0,0.0,0.0,0.0
BMY,2025-11-13,3.0,2.0,0.0,1.0
MRK,2025-09-12,1.0,0.0,0.0,1.0
JNJ,2025-02-19,2.0,2.0,0.0,0.0
BMY,2026-05-04,0.0,0.0,0.0,0.0
ABT,2026-01-21,1.0,1.0,0.0,0.0
MRNA,2025-01-02,0.0,0.0,0.0,0.0
JNJ,2025-11-12,4.0,4.0,0.0,0.0
GILD,2025-02-20,0.0,0.0,0.0,0.0
SLS,2026-05-29,0.0,0.0,0.0,0.0
MRNA,2024-12-19,5.0,4.0,1.0,0.0
CYTK,2024-01-16,0.0,0.0,0.0,0.0
MRK,2025-05-15,4.0,4.0,0.0,0.0
LLY,2024-12-31,7.0,6.0,0.0,1.0
BMY,2025-11-21,1.0,0.0,0.0,1.0
AMGN,2025-09-19,2.0,1.0,0.0,1.0
BMY,2024-10-03,5.0,4.0,0.0,1.0
NVAX,2025-01-07,0.0,0.0,0.0,0.0
MRK,2025-11-17,1.0,1.0,0.0,0.0
NVAX,2024-07-16,1.0,1.0,0.0,0.0
BMY,2025-02-25,4.0,3.0,0.0,1.0
GILD,2024-04-25,0.0,0.0,0.0,0.0
NVO,2025-04-09,1.0,1.0,0.0,0.0
SLS,2026-05-13,0.0,0.0,0.0,0.0
PFE,2025-07-24,2.0,1.0,0.0,0.0
PFE,2026-06-17,2.0,1.0,0.0,1.0
VKTX,2025-08-11,0.0,0.0,0.0,0.0
IOVA,2024-08-08,0.0,0.0,0.0,0.0
ABBV,2025-10-30,3.0,3.0,0.0,0.0
MRK,2025-01-21,2.0,2.0,0.0,0.0
RXRX,2024-12-09,0.0,0.0,0.0,0.0
MRK,2025-02-19,4.0,2.0,2.0,0.0
SLS,2026-08-21,0.0,0.0,0.0,0.0
MRK,2025-04-23,3.0,2.0,0.0,1.0
PFE,2025-03-18,2.0,1.0,0.0,1.0
JNJ,2025-02-26,7.0,6.0,0.0,1.0
NVAX,2024-11-11,0.0,0.0,0.0,0.0
MRNA,2026-05-12,2.0,1.0,0.0,1.0
JNJ,2026-05-22,7.0,5.0,1.0,1.0
NVO,2026-04-28,8.0,2.0,1.0,5.0
LLY,2024-11-13,5.0,3.0,0.0,2.0
NVAX,2024-10-02,0.0,0.0,0.0,0.0
NVO,2026-03-20,9.0,4.0,2.0,3.0
ABBV,2024-04-04,0.0,0.0,0.0,0.0
MRK,2025-02-18,2.0,1.0,1.0,0.0
NVO,2026-03-18,8.0,5.0,1.0,2.0
JNJ,2024-08-26,5.0,4.0,0.0,1.0
IBRX,2026-02-25,1.0,1.0,0.0,0.0
PFE,2025-08-15,7.0,1.0,1.0,5.0
MRNA,2025-11-06,0.0,0.0,0.0,0.0
MRK,2024-07-29,2.0,1.0,0.0,1.0
ABT,2024-07-17,4.0,3.0,0.0,1.0
MRNA,2024-10-17,5.0,1.0,1.0,3.0
NVO,2025-09-09,7.0,1.0,2.0,4.0
PFE,2026-06-23,4.0,3.0,0.0,1.0
MRK,2025-11-14,4.0,1.0,0.0,3.0
NVO,2026-04-21,3.0,2.0,1.0,0.0
LLY,2024-01-16,0.0,0.0,0.0,0.0
PFE,2024-10-04,8.0,6.0,1.0,1.0
NVO,2025-03-10,7.0,1.0,2.0,4.0
PFE,2024-06-14,0.0,0.0,0.0,0.0
ABBV,2026-07-31,4.0,3.0,0.0,1.0
PFE,2025-07-10,5.0,2.0,0.0,3.0
MRNA,2024-08-22,3.0,1.0,2.0,0.0
MRNA,2024-10-10,4.0,1.0,0.0,3.0
PFE,2026-04-21,4.0,1.0,0.0,3.0
VKTX,2025-11-11,0.0,0.0,0.0,0.0
SRPT,2024-06-21,0.0,0.0,0.0,0.0
AMGN,2024-05-06,0.0,0.0,0.0,0.0
VKTX,2026-09-24,4.0,4.0,0.0,0.0
NVO,2024-06-25,0.0,0.0,0.0,0.0
MRNA,2026-02-10,3.0,2.0,0.0,1.0
MRNA,2025-03-11,2.0,0.0,0.0,2.0
LLY,2026-10-01,19.0,11.0,0.0,8.0
PFE,2025-02-07,5.0,5.0,0.0,0.0
MRK,2025-07-28,4.0,1.0,0.0,3.0
PFE,2025-02-18,3.0,2.0,0.0,1.0
ABT,2025-07-17,2.0,1.0,1.0,0.0
PFE,2024-10-22,3.0,3.0,0.0,0.0
PFE,2025-01-21,6.0,3.0,1.0,2.0
MRK,2025-04-24,3.0,2.0,0.0,1.0
PFE,2024-10-21,3.0,3.0,0.0,0.0
LLY,2026-02-24,17.0,10.0,0.0,7.0
MRK,2024-07-31,4.0,1.0,0.0,3.0
LLY,2024-01-10,0.0,0.0,0.0,0.0
MRNA,2025-04-04,1.0,0.0,0.0,1.0
JNJ,2024-04-15,0.0,0.0,0.0,0.0
MRNA,2025-02-19,1.0,0.0,1.0,0.0
BMY,2024-10-02,5.0,4.0,0.0,1.0
PFE,2025-10-30,8.0,4.0,2.0,2.0
MRNA,2024-09-20,8.0,4.0,2.0,2.0
LLY,2024-01-11,0.0,0.0,0.0,0.0
MRNA,2025-01-27,4.0,3.0,0.0,1.0
PFE,2026-09-01,1.0,1.0,0.0,0.0
NVO,2025-03-27,0.0,0.0,0.0,0.0
PFE,2025-02-06,5.0,5.0,0.0,0.0
MRNA,2024-11-14,0.0,0.0,0.0,0.0
MRK,2025-11-13,5.0,2.0,0.0,3.0
PFE,2025-04-14,6.0,2.0,3.0,1.0
PFE,2025-03-14,6.0,4.0,1.0,1.0
PFE,2025-11-05,11.0,2.0,2.0,7.0
MRK,2025-11-12,5.0,2.0,0.0,3.0
PFE,2026-05-08,7.0,4.0,0.0,3.0
PFE,2026-08-25,3.0,1.0,0.0,2.0
MRNA,2026-06-16,4.0,3.0,0.0,1.0
LLY,2024-02-12,0.0,0.0,0.0,0.0
LLY,2026-05-14,14.0,7.0,0.0,7.0
IBRX,2026-01-20,0.0,0.0,0.0,0.0
NVO,2025-06-23,6.0,3.0,2.0,1.0
PFE,2025-01-23,6.0,3.0,1.0,2.0
PFE,2026-06-11,4.0,2.0,1.0,1.0
MRNA,2024-09-17,8.0,4.0,4.0,0.0
NVO,2025-02-05,6.0,3.0,2.0,1.0
MRK,2025-09-30,5.0,3.0,0.0,2.0
MRNA,2026-03-04,1.0,1.0,0.0,0.0
LLY,2024-03-11,0.0,0.0,0.0,0.0
LLY,2025-01-13,1.0,1.0,0.0,0.0
MRNA,2024-06-26,0.0,0.0,0.0,0.0
NVO,2026-04-24,11.0,4.0,2.0,5.0
MRNA,2024-05-20,0.0,0.0,0.0,0.0
NVO,2026-05-05,4.0,3.0,0.0,1.0
CYTK,2024-01-09,0.0,0.0,0.0,0.0
MRNA,2024-11-11,1.0,1.0,0.0,0.0
PFE,2024-03-12,0.0,0.0,0.0,0.0
NVO,2026-05-06,4.0,3.0,0.0,1.0
AMGN,2024-05-03,0.0,0.0,0.0,0.0
LLY,2024-02-14,0.0,0.0,0.0,0.0
PFE,2026-06-18,7.0,3.0,1.0,3.0
PFE,2024-02-23,0.0,0.0,0.0,0.0
LLY,2026-01-15,17.0,9.0,2.0,6.0
PFE,2024-10-09,13.0,10.0,1.0,2.0
PFE,2025-02-21,11.0,7.0,0.0,4.0
PFE,2025-02-04,4.0,4.0,0.0,0.0
LLY,2025-08-12,3.0,0.0,1.0,2.0
PFE,2024-03-04,0.0,0.0,0.0,0.0
PFE,2024-03-11,0.0,0.0,0.0,0.0
NVO,2025-09-18,19.0,9.0,3.0,7.0
NVO,2026-01-09,9.0,3.0,0.0,6.0
LLY,2025-11-13,18.0,13.0,0.0,5.0
LLY,2025-11-03,5.0,4.0,0.0,1.0
LLY,2025-11-12,9.0,7.0,0.0,2.0
MRNA,2025-02-14,3.0,1.0,2.0,0.0
CYTK,2024-01-11,0.0,0.0,0.0,0.0
LLY,2025-05-12,4.0,3.0,0.0,1.0
LLY,2026-04-30,12.0,9.0,0.0,3.0
LLY,2024-02-07,0.0,0.0,0.0,0.0
LLY,2025-08-14,7.0,2.0,1.0,4.0
MRNA,2026-08-19,2.0,2.0,0.0,0.0
