symbol,listed_2024,listed_2025,listed_oos,any_listed
TSVT,1,1,0,1
XLRN,0,0,0,0
SLRN,1,1,0,1
AERI,0,0,0,0
AKCA,0,0,0,0
ALBO,0,0,0,0
ALDR,0,0,0,0
ALXN,0,0,0,0
ALIM,1,0,0,1
ALPN,1,0,0,1
AMAG,0,0,0,0
AGTC,0,0,0,0
ARNA,0,0,0,0
AVEO,0,0,0,0
ACER,0,0,0,0
ADMS,0,0,0,0
AIMT,0,0,0,0
AKUS,0,0,0,0
ALLK,1,1,0,1
AGN,0,0,0,0
AMAM,1,0,0,1
APGN,0,0,0,0
AMTI,0,0,0,0
BCEL,1,0,0,1
BOLD,0,0,0,0
CDMO,1,1,0,1
BDSI,0,0,0,0
BSTC,0,0,0,0
BHVN,1,1,1,1
BPMC,1,1,0,1
CBM,0,0,0,0
CELG,0,0,0,0
CEMI,0,0,0,0
CHMA,0,0,0,0
CMRX,1,1,0,1
KDNY,0,0,0,0
CNCE,0,0,0,0
CNST,0,0,0,0
CTIC,0,0,0,0
CALA,0,0,0,0
CALT,1,0,0,1
CTLT,1,0,0,1
CBMG,0,0,0,0
CERE,1,0,0,1
CMPI,0,0,0,0
CKPT,1,1,0,1
CCXI,0,0,0,0
CINC,0,0,0,0
CVAC,1,1,0,1
CBAY,1,0,0,1
CYT,0,0,0,0
DICE,0,0,0,0
DBTX,0,0,0,0
DCPH,1,0,0,1
DRNA,0,0,0,0
ENZB,0,0,0,0
EQRX,0,0,0,0
EIDX,0,0,0,0
ELEV,0,1,0,1
ETTX,0,0,0,0
EPZM,0,0,0,0
FSTX,0,0,0,0
FPRX,0,0,0,0
FLXN,0,0,0,0
FMTX,0,0,0,0
FUSN,1,0,0,1
GTHX,1,0,0,1
GWPH,0,0,0,0
GBT,0,0,0,0
GRNA,0,0,0,0
GHSI,0,0,0,0
HOOK,1,1,1,1
HARP,1,0,0,1
HZNP,0,0,0,0
ICPT,0,0,0,0
ISEE,0,0,0,0
ICVX,1,0,0,1
IMGO,0,0,0,0
IMGN,1,0,0,1
INBX,1,1,1,1
INZY,1,1,0,1
NTEC,0,0,0,0
ITCI,1,1,0,1
JNCE,0,0,0,0
KANT,0,0,0,0
KDMN,0,0,0,0
KRTX,1,0,0,1
KIN,0,0,0,0
KNTE,1,0,0,1
KRON,1,1,0,1
LJPC,0,0,0,0
LUMO,0,0,0,0
LABP,0,0,0,0
LOGC,0,1,0,1
LBPH,0,0,0,0
MRNS,1,1,0,1
MDCO,0,0,0,0
MNTA,0,0,0,0
MTCR,0,0,0,0
MRTX,1,0,0,1
MIRO,1,0,0,1
MORF,1,0,0,1
MOR,1,0,0,1
MYL,0,0,0,0
MYOK,0,0,0,0
MYOV,0,0,0,0
NGM,1,0,0,1
NEOS,0,0,0,0
NTRP,0,0,0,0
OPNT,0,0,0,0
OTRA,0,0,0,0
AYLA,0,0,0,0
OPTN,0,0,0,0
ORTX,1,0,0,1
OYST,0,0,0,0
PRDS,0,0,0,0
PNT,1,0,0,1
PTLA,0,0,0,0
PRTK,0,0,0,0
PKBO,0,0,0,0
PFNX,0,0,0,0
PSTX,1,0,0,1
PRNB,0,0,0,0
RXDX,0,0,0,0
PRVB,0,0,0,0
RETA,0,0,0,0
RDUS,1,1,0,1
RAIN,1,0,0,1
RGLS,1,1,0,1
RCOR,0,0,0,0
RVNC,1,0,0,1
SPPI,0,0,0,0
SQZB,1,0,0,1
STSA,0,0,0,0
SGEN,1,0,0,1
SRRA,0,0,0,0
SGTX,0,0,0,0
SIOX,0,0,0,0
SCTL,1,0,0,1
ONCE,0,0,0,0
SWTX,1,1,0,1
SBBP,0,0,0,0
SURF,0,0,0,0
TCRR,0,0,0,0
TYME,0,0,0,0
THRX,1,0,0,1
THRN,0,0,0,0
TBIO,1,0,0,1
TRIL,0,0,0,0
TPTX,0,0,0,0
VECT,0,0,0,0
VERV,1,1,0,1
XERS,1,1,1,1
ZGNX,0,0,0,0
ZYME,1,1,1,1
ZYNE,0,0,0,0
BLUE,1,1,0,1
FDMT,1,1,1,1
SXTP,0,0,0,0
ETNB,1,1,0,1
ABT,1,1,1,1
ABEO,1,1,1,1
ABVC,0,0,1,1
ACIU,1,1,1,1
ACAD,1,1,1,1
ACTU,0,0,0,0
APTN,0,0,0,0
ADCT,1,1,1,1
ADIL,1,0,0,1
ADMA,1,1,1,1
AEON,0,0,0,0
AGEN,1,1,1,1
AGIO,1,1,1,1
AIM,0,0,0,0
ALNY,1,1,1,1
ATHE,0,0,0,0
ALMS,0,0,1,1
ALXO,1,1,1,1
AMRN,1,1,1,1
AMGN,1,1,1,1
FOLD,1,1,1,1
ANTX,0,0,0,0
ANAB,1,1,1,1
AVXL,1,1,1,1
ANIP,1,1,1,1
ARDX,1,1,1,1
ARGX,1,1,1,1
ARWR,1,1,1,1
SPRY,1,1,1,1
ARTL,0,0,0,0
ARVN,1,1,1,1
AAPG,0,0,0,0
ASMB,1,0,1,1
AZN,1,1,1,1
ATOS,1,1,1,1
AVDL,1,1,0,1
ATXI,0,0,0,0
AYTU,0,0,0,0
AARD,0,0,1,1
ABCL,1,1,1,1
ABBV,1,1,1,1
ABVX,0,0,1,1
ABPO,0,0,0,0
ACUT,0,0,0,0
ACRS,1,1,1,1
ACRV,0,0,0,0
ATNM,1,1,1,1
ABOS,1,1,1,1
ACXP,1,1,0,1
ADAG,0,0,0,0
ADAP,1,1,0,1
ADPT,1,1,1,1
ADXN,0,0,0,0
ACET,1,1,1,1
ADTX,1,0,0,1
ANL,0,0,0,0
ADVM,1,1,0,1
AGTX,0,0,0,0
AGMB,0,0,0,0
AKTX,0,0,0,0
AKBA,1,1,1,1
AKRO,1,1,0,1
AKTS,1,0,0,1
TCRT,1,0,0,1
ALDX,1,1,1,1
ALEC,1,1,1,1
ALGS,1,1,0,1
ALKS,1,1,1,1
ALLR,0,0,0,0
ALLO,1,1,1,1
ACOG,0,0,0,0
ALT,1,1,1,1
ANRO,0,1,1,1
ALVO,0,0,0,0
ALZN,1,0,0,1
AAGH,0,0,0,0
AMRX,1,1,1,1
AMPH,1,1,1,1
AMLX,1,1,1,1
ANEB,0,0,0,0
ANIX,1,1,1,1
ANNX,1,1,1,1
ANVS,1,1,1,1
APLS,1,1,1,1
APUS,0,0,0,0
APGE,0,1,1,1
APLM,0,0,0,0
APLT,1,1,0,1
APRE,1,0,0,1
APVO,0,0,0,0
APTOF,0,0,0,0
AQST,1,1,1,1
ABUS,1,1,1,1
ACLX,1,1,1,1
ARCT,1,1,1,1
RCUS,1,1,1,1
ARQT,1,1,1,1
ARMP,1,1,1,1
AVBP,0,0,1,1
ARTV,0,0,0,0
ASND,1,1,1,1
ASBP,0,0,0,0
ASRT,1,1,1,1
ATXS,1,1,0,1
ATAI,1,1,1,1
ATRA,1,0,0,1
AVIR,1,1,1,1
AURA,1,1,1,1
AUPH,1,1,1,1
AUTL,1,1,1,1
AVTX,0,0,1,1
RNA,1,1,1,1
AXSM,1,1,1,1
AZTR,0,0,0,0
BLTE,0,0,0,0
BGM,0,0,0,0
BCYC,1,1,1,1
BPTH,1,0,0,1
TECH,1,1,1,1
BDPT,0,0,0,0
BCRX,1,1,1,1
BIIB,1,1,1,1
BHST,0,0,0,0
BMRN,1,1,1,1
BIVI,1,0,0,1
BIXT,0,0,0,0
BCLI,1,1,0,1
DRUG,0,0,0,0
BMY,1,1,1,1
BRNS,0,0,0,0
BHC,1,1,1,1
ONC,0,1,1,1
BEAM,1,1,1,1
BNTC,1,0,1,1
BSPK,0,0,0,0
BETRF,0,0,0,0
BYSI,1,1,1,1
BCAX,0,1,1,1
BIOE,0,0,0,0
BIOA,0,0,1,1
BCAB,1,1,1,1
BCDA,1,0,0,1
BLRX,1,1,1,1
BNTX,1,1,1,1
BTAI,1,1,0,1
BDRX,0,0,0,0
BFRI,1,0,0,1
BMEA,1,1,1,1
BDTX,1,1,1,1
BKHA,0,0,0,0
BOLT,0,0,0,0
BCTX,1,1,0,1
BBOT,0,0,0,0
BBIO,1,1,1,1
BFRG,0,0,0,0
CCCC,1,1,1,1
CPMD,0,0,0,0
CAPR,1,1,1,1
CRGX,0,1,0,1
CASIF,0,0,1,1
CPRX,1,1,1,1
CDT,0,0,0,0
CVM,1,1,0,1
CERO,0,0,0,0
CGON,0,1,1,1
CSBR,1,1,1,1
CPHI,0,0,0,0
CTOR,0,0,0,0
CNBX,0,0,0,0
CNSP,0,0,0,0
CGTX,0,0,0,0
COLL,1,1,1,1
CMPS,1,1,1,1
CGEN,1,1,1,1
CORT,1,1,1,1
CELZ,0,0,0,0
CBIO,0,0,0,0
CRSP,1,1,1,1
CTTH,0,0,0,0
CPIX,1,1,1,1
CRIS,1,0,0,1
CVSI,0,0,0,0
CYPH,0,0,1,1
CYTK,1,1,1,1
CABA,1,1,1,1
CVKD,0,0,0,0
CALC,1,0,1,1
CLDI,0,0,0,0
CAMP,1,0,0,1
CANF,0,0,0,0
CADL,0,1,1,1
CRDF,1,1,1,1
CRDL,1,1,1,1
CRBU,1,1,1,1
CARM,1,0,0,1
RNAC,1,0,1,1
CLRB,0,1,0,1
CLLS,1,1,1,1
CELU,1,1,1,1
CNTA,1,1,1,1
IPSC,1,1,1,1
CRVO,0,0,0,0
CMMB,0,0,0,0
SXTC,0,0,0,0
CDTX,1,0,0,1
CING,0,0,0,0
CTXR,1,1,1,1
CMND,0,0,0,0
CLSDQ,0,0,1,1
CLNN,1,0,0,1
CLYM,0,0,1,1
COCP,0,0,0,0
COGT,1,1,1,1
CHRS,1,1,1,1
CMPX,0,0,1,1
CNTB,1,1,1,1
CNTX,0,0,0,0
CTNM,0,0,1,1
CRMD,1,1,1,1
CRBP,1,1,1,1
CRVS,1,1,1,1
COYA,0,0,1,1
CRNX,1,1,1,1
CYRX,1,1,1,1
CUE,1,1,1,1
CGEM,1,1,1,1
CURX,0,0,0,0
CYDY,0,0,0,0
GDTC,0,0,0,0
CTMX,1,1,1,1
DBVT,1,0,0,1
RDY,1,1,1,1
DRRX,1,1,0,1
DYAI,1,1,1,1
DVAX,1,1,0,1
DMRA,0,0,0,0
DARE,0,0,0,0
DAWN,1,1,1,1
DCOY,0,0,0,0
DNLI,1,1,1,1
DRMA,0,0,0,0
DSGN,1,1,1,1
DMAC,1,1,1,1
DNTH,1,1,1,1
IRON,1,1,1,1
DWTX,0,1,0,1
DYN,1,1,1,1
LLY,1,1,1,1
ELTP,0,0,0,0
ELUT,0,0,0,0
ENTA,1,1,1,1
EPIX,1,1,0,1
EPRX,0,0,0,0
EXEL,1,1,1,1
XCUR,0,0,0,0
EXOZ,0,0,0,0
ETST,0,0,0,0
EDSA,0,0,0,0
EWTX,1,1,1,1
EDIT,1,1,1,1
EIKN,0,0,0,0
ELAN,1,1,1,1
ELDN,1,1,1,1
ELTX,0,0,1,1
ELOX,0,0,0,0
EBS,1,1,1,1
EMMA,0,0,0,0
ELVN,1,1,1,1
ENLV,1,1,1,1
ENSC,0,0,0,0
ENTX,1,1,1,1
TRDA,0,1,1,1
ENVB,0,0,0,0
EQ,1,1,1,1
ERAS,1,1,1,1
ERNA,1,0,0,1
ESPR,1,1,1,1
ESLA,0,0,0,0
ETON,1,1,1,1
EVAX,1,0,0,1
EVFM,0,0,0,0
EVOK,0,0,0,0
EOLS,1,1,1,1
EVMN,0,0,0,0
EVO,0,0,0,0
FATE,1,1,1,1
FENC,1,1,1,1
FLNA,0,0,1,1
FTH,0,0,0,0
FBLG,0,0,0,0
FHTX,1,1,1,1
FBRX,1,1,1,1
FBIO,1,1,1,1
FULC,1,1,1,1
FTII,0,0,0,0
GALT,1,1,1,1
GNLX,0,0,1,1
GMAB,1,1,1,1
GERN,1,1,1,1
GHRS,1,1,1,1
GILD,1,1,1,1
GRI,0,0,0,0
GSK,1,1,1,1
GTBP,1,0,0,1
GYRE,1,0,1,1
GANX,1,1,1,1
GRTX,1,0,0,1
EOCN,0,0,0,0
GELS,0,0,0,0
GNTA,0,0,0,0
GBIO,1,1,0,1
GNPX,1,0,0,1
GOVX,0,0,0,0
DNA,1,1,1,1
GOSS,1,1,1,1
GRCE,0,0,1,1
GPLB,0,0,0,0
GRML,0,0,0,0
GLSI,0,0,0,0
GRFS,1,1,1,1
HALO,1,1,1,1
HROW,1,1,1,1
HCWB,0,0,0,0
HRTX,1,1,1,1
HSTC,0,0,0,0
HCM,1,1,1,1
HRMY,1,1,1,1
HELP,0,0,1,1
HEPA,1,0,0,1
HLVX,0,0,0,0
HUMA,1,1,1,1
IDYA,1,1,1,1
IGC,1,1,1,1
IGMS,1,1,0,1
IMUX,1,1,1,1
IMMP,1,1,1,1
IBO,0,0,0,0
INAB,0,0,0,0
INO,1,1,1,1
INSM,1,1,1,1
INBP,0,0,0,0
INTS,0,0,0,0
IOBTQ,0,0,0,0
IONS,1,1,1,1
IOVA,1,1,1,1
IRWD,1,1,1,1
IMA,0,0,0,0
IMTX,1,1,1,1
IMMX,0,1,1,1
IMRX,0,0,1,1
IBRX,1,1,1,1
IMCR,1,1,1,1
IMNM,1,1,1,1
IMVT,1,1,1,1
IMRN,0,0,0,0
IMNN,0,0,0,0
INM,0,0,0,0
IXHL,0,0,0,0
INDP,0,0,0,0
INDV,0,1,1,1
IFRX,1,1,1,1
IKT,0,0,0,0
INTI,0,0,0,0
INMB,1,1,1,1
IPHA,0,0,0,0
INVA,1,1,1,1
TIL,1,0,0,1
INCR,1,1,1,1
ISCO,0,0,0,0
IVA,0,0,0,0
IVVD,1,1,1,1
ITRMF,0,0,0,0
JNJ,1,1,1,1
JUNS,0,0,0,0
JBIO,0,0,1,1
JAGX,1,0,0,1
JANX,1,1,1,1
JSPR,0,1,1,1
JAZZ,1,1,1,1
DERM,0,0,1,1
MENS,0,0,1,1
KALA,0,0,0,0
KMDA,1,1,1,1
KZIA,1,1,1,1
KPRX,0,0,0,0
KYNB,0,0,1,1
KAPA,0,0,0,0
KALV,1,1,1,1
KLRS,0,0,0,0
KPTI,1,1,1,1
KAYS,0,0,0,0
KROS,1,1,1,1
KZR,1,1,1,1
KNSA,1,1,1,1
KOD,1,1,1,1
KRRO,1,0,1,1
KRSA,0,0,0,0
KRYS,1,1,1,1
KURA,1,1,1,1
PXMD,0,0,0,0
KYMR,1,1,1,1
KYTX,0,1,1,1
LVTX,1,1,0,1
LBRX,0,0,0,0
LENZ,0,0,1,1
LXRX,1,1,1,1
LIFD,0,0,0,0
LFCR,1,1,1,1
LGND,1,1,1,1
LIPO,0,0,0,0
LSTA,0,0,0,0
LSBCF,0,0,0,0
LKFT,0,0,0,0
LTRN,1,1,1,1
LRMR,1,1,1,1
LEGN,1,1,1,1
LONA,0,0,1,1
LEXX,0,0,0,0
LXEO,0,1,1,1
LFVN,1,1,1,1
LIMN,0,0,0,0
LCTX,1,1,1,1
LPCN,1,0,0,1
LQDA,1,1,1,1
LITS,0,0,1,1
LGVN,0,0,0,0
LNAI,0,0,1,1
LYEL,1,1,1,1
MGNX,1,1,1,1
MDGL,1,1,1,1
MAIA,0,0,0,0
MNKD,1,1,1,1
MRVI,1,1,1,1
MBX,0,0,1,1
MNOV,1,1,1,1
MCUJF,0,0,0,0
MESO,1,1,1,1
MIRA,0,0,0,0
MOLN,0,0,0,0
MBIO,0,0,0,0
MPLT,0,0,0,0
MRKR,0,0,0,0
MTNB,0,0,0,0
MAZE,0,0,1,1
MDCX,0,0,0,0
MGTX,1,1,1,1
MRK,1,1,1,1
MREO,1,1,1,1
MRSN,1,1,0,1
MRUS,1,1,0,1
MTVA,0,0,0,0
MGX,0,0,0,0
MTSR,0,0,0,0
INKT,0,0,0,0
MIST,1,1,1,1
HYFT,0,0,1,1
MLYS,1,1,1,1
NERV,0,0,0,0
MIRM,1,1,1,1
MRNA,1,1,1,1
MBRX,0,0,0,0
MNPR,0,0,0,0
GLUE,1,1,1,1
MLTX,1,1,1,1
CPMV,0,0,0,0
MURA,0,1,0,1
NNVC,1,1,1,1
NATR,1,1,1,1
NKTR,1,1,1,1
NTHI,0,0,0,0
NGEN,0,0,1,1
NBIX,1,1,1,1
NIKA,0,0,0,0
NKGN,0,0,0,0
NMAD,0,0,0,0
NWBO,0,0,0,0
NVS,1,1,1,1
NVAX,1,1,1,1
NVO,1,1,1,1
NRXP,1,1,1,1
NBTX,0,0,0,0
NSRX,0,0,0,0
NMRA,1,1,1,1
NEUP,0,0,0,0
NRSN,0,0,0,0
NGNE,1,1,1,1
NAMS,0,1,1,1
NCEL,0,0,0,0
NXTS,0,0,0,0
NXTC,1,1,0,1
NKTX,1,1,1,1
NBP,0,0,1,1
NCNA,0,0,0,0
NRIX,1,1,1,1
NUVL,1,1,1,1
NUVB,1,1,1,1
NVCT,0,1,1,1
OCUL,1,1,1,1
OKYO,0,0,0,0
OMER,1,1,1,1
ONCY,0,0,0,0
OPK,1,1,1,1
OGEN,0,0,0,0
ORMP,1,1,1,1
OGI,1,1,1,1
OSTX,0,0,0,0
OCGN,1,1,1,1
OCS,0,0,0,0
OLMA,1,1,1,1
OKUR,0,1,0,1
ONCO,0,0,0,0
OTLC,0,0,0,0
OWPC,0,0,0,0
CKDXF,0,0,0,0
IRD,0,1,1,1
ORGO,1,1,1,1
OGN,1,1,1,1
ORGS,1,1,0,1
ORIC,1,1,1,1
ORKA,0,1,1,1
OTLK,0,1,1,1
OVID,1,1,1,1
PTN,1,1,0,1
PALI,0,0,0,0
PVLA,0,1,1,1
PDSB,1,1,1,1
PRGO,1,1,1,1
PFE,1,1,1,1
PAHC,1,1,1,1
PLRX,1,1,1,1
ELAB,0,0,0,0
PMVP,1,1,1,1
PGEN,1,1,1,1
DTIL,1,0,1,1
PRFX,0,0,0,0
PROK,1,1,1,1
PRTA,1,1,1,1
PVCT,0,0,0,0
PBM,0,0,0,0
PTCT,1,1,1,1
PBYI,1,1,1,1
PPBT,1,1,1,1
PCRX,1,1,1,1
KTTA,0,0,0,0
PASG,1,1,0,1
PTHS,0,0,0,0
PEPG,0,1,1,1
CATX,0,1,1,1
PTPI,0,0,0,0
PMCB,1,1,1,1
PHAR,0,0,0,0
PHVS,0,0,1,1
PHAT,1,1,1,1
PHIO,0,0,0,0
PLUR,1,0,0,1
PLYX,0,0,0,0
PMHS,0,0,0,0
PRAX,1,1,1,1
PRLD,1,1,1,1
PRE,0,0,1,1
PBH,1,1,1,1
PRME,1,1,1,1
PMN,0,0,0,0
PRPH,1,1,1,1
PRQR,1,1,1,1
PCSA,0,0,0,0
PPCB,0,0,0,0
PTIX,0,0,0,0
PTGX,1,1,1,1
PLX,1,1,1,1
TARA,1,1,1,1
PKTX,0,0,0,0
PULM,0,0,0,0
PRTC,0,0,0,0
PYXS,1,1,1,1
QTTB,0,1,0,1
QGEN,1,1,1,1
QNTM,0,0,0,0
QUCY,0,0,0,0
QNCX,1,1,1,1
QNRX,0,0,0,0
RAPT,1,1,1,1
RXRX,1,1,1,1
REGN,1,1,1,1
RGNX,1,1,1,1
RLMD,1,1,1,1
RGEN,1,1,1,1
RTEZ,0,0,0,0
REVB,0,0,0,0
RVPH,1,1,1,1
RYTM,1,1,1,1
RIGL,1,1,1,1
RCKT,1,1,1,1
RMTI,1,1,1,1
RADX,0,0,0,0
RFL,1,1,1,1
RLYB,0,0,0,0
RANI,1,1,1,1
RAPP,0,1,1,1
RDHL,1,0,0,1
RGBP,0,0,0,0
RNTX,0,0,0,0
RLAY,1,1,1,1
RPTX,1,1,0,1
REPL,1,1,1,1
RVRC,0,0,0,0
RVMD,1,1,1,1
RZLT,0,1,1,1
RKTO,0,0,0,0
ROIV,1,1,1,1
RPRX,1,1,1,1
SABS,0,0,1,1
SGMOQ,0,0,0,0
SCYX,1,1,1,1
SLS,1,1,1,1
SIGA,1,1,1,1
SVA,0,0,0,0
SKVI,0,0,0,0
SLBT,0,0,0,0
SLNO,1,1,1,1
SNGX,0,0,0,0
SPRB,0,1,0,1
LAB,1,1,1,1
SUPN,1,1,1,1
STRO,1,1,1,1
SYBX,1,0,0,1
SAGE,1,1,0,1
SGMT,0,1,1,1
SANA,1,1,1,1
SNY,1,1,1,1
SRPT,1,1,1,1
MSLE,0,0,0,0
SVRA,1,1,1,1
SRRK,1,1,1,1
SDGR,1,1,1,1
SPRC,0,0,0,0
SCNX,0,0,0,0
SCLX,1,1,0,1
SCNI,0,0,0,0
SMNR,0,0,0,0
SNTI,0,0,0,0
SEPN,0,0,1,1
MCRB,1,1,1,1
SER,0,0,0,0
STTK,1,1,1,1
SHPH,0,0,0,0
SLN,0,1,1,1
SLXN,0,0,0,0
SILO,0,0,0,0
SION,0,0,0,0
SKYE,0,1,1,1
PROCF,0,0,0,0
SLGL,1,1,0,1
SLDB,1,1,1,1
SONN,0,0,0,0
SPRO,1,1,1,1
SYRE,1,1,1,1
STOK,1,1,1,1
GPCR,1,1,1,1
SMMT,1,1,1,1
SBFM,0,0,0,0
SRZN,0,0,0,0
SNDX,1,1,1,1
TAK,1,1,1,1
TLPH,0,1,1,1
TENX,0,0,0,0
TEVA,1,1,1,1
TGTX,1,1,1,1
TTNP,1,0,0,1
GCAN,0,0,0,0
TCRX,0,0,0,0
TNGX,1,1,1,1
TARS,1,1,1,1
TSHA,1,1,1,1
TECX,0,1,1,1
TLX,0,0,0,0
TELO,0,0,0,0
TPST,1,1,0,1
TNYA,1,1,1,1
TERN,1,1,1,1
TVGN,0,0,0,0
TXMD,1,1,1,1
TBPH,1,1,1,1
TOVX,0,0,0,0
TLSA,1,1,1,1
TNXP,0,0,1,1
TRML,0,1,0,1
RNAZ,0,0,0,0
TVTX,1,1,1,1
TRAW,0,1,0,1
TRVI,1,1,1,1
HURA,0,0,0,0
TTRX,0,0,0,0
TSBX,0,0,0,0
TVRD,0,0,1,1
TWST,1,1,1,1
TYRA,1,1,1,1
UTHR,1,1,1,1
RARE,1,1,1,1
UNCY,0,0,1,1
UPC,0,0,0,0
UPB,0,0,1,1
URGN,1,1,1,1
VRTX,1,1,1,1
VERU,1,1,1,1
VBIO,0,0,0,0
VALN,0,0,0,0
VNDA,1,1,1,1
VXRT,1,1,0,1
PCVX,1,1,1,1
VTYX,1,1,1,1
VERA,1,1,1,1
MANE,0,0,0,0
VSTM,1,1,1,1
VRXA,0,0,0,0
VCEL,1,1,1,1
VRNA,1,1,0,1
VRCA,1,1,0,1
VTRS,1,1,1,1
VIGL,0,0,0,0
VKTX,1,1,1,1
VIR,1,1,1,1
VREOF,0,0,0,0
VRDN,1,1,1,1
VISK,0,0,0,0
VTGN,1,1,1,1
VIVS,0,0,0,0
VOR,1,1,1,1
VACH,0,0,0,0
VYGR,1,1,1,1
HIND,0,0,0,0
WINT,0,0,0,0
WVE,1,1,1,1
HOWL,1,1,1,1
WHWK,0,0,1,1
XFOR,1,1,0,1
XBIT,1,1,1,1
XOMA,1,1,1,1
XRTX,0,0,0,0
XTLB,0,0,0,0
XNCR,1,1,1,1
XBIO,0,0,0,0
XENE,1,1,1,1
XLO,0,0,0,0
YMAB,1,1,0,1
YARW,0,0,0,0
ZVRA,1,1,1,1
ZLAB,1,1,1,1
ZBIO,0,0,1,1
ZNTL,1,1,1,1
ZEOX,0,0,0,0
ZYBT,0,0,0,0
ZIVO,0,0,0,0
ZTS,1,1,1,1
ZOMDF,0,0,0,0
ZURA,0,1,1,1
ZVSA,0,0,0,0
ATYR,0,1,1,1
ENGN,0,0,0,0
IBIO,1,0,0,1
ITOS,1,1,0,1
SCPH,1,1,0,1
QURE,1,1,1,1
VTVT,0,0,0,0
NMTR,0,0,0,0
AKRXQ,0,0,0,0
ATHX,1,0,0,1
ACORQ,0,0,0,0
ALNA,0,0,0,0
ATNX,0,0,0,0
BIOR,1,0,0,1
BXRX,0,0,0,0
CFRX,0,0,0,0
CRXT,0,0,0,0
CLVS,0,0,0,0
CDAK,0,0,0,0
DMK,1,0,0,1
EIGRQ,0,0,0,0
GLS,0,0,0,0
GMDAQ,0,0,0,0
GRTS,1,0,0,1
HGEN,1,0,0,1
INFI,0,0,0,0
IMPL,0,0,0,0
IGX,0,0,0,0
KRBP,0,0,0,0
LCI,0,0,0,0
LADX,0,0,0,0
MTEM,1,0,0,1
NSTG,1,0,0,1
NOVN,0,0,0,0
NTBL,1,0,0,1
ONCS,0,0,0,0
OMGA,1,1,0,1
PLXP,0,0,0,0
PTE,0,0,0,0
PHAS,0,0,0,0
RVLP,0,0,0,0
SEEL,1,0,0,1
SRNEQ,1,0,0,1
TMBR,0,0,0,0
TLGT,0,0,0,0
TCDA,0,0,0,0
VBIV,1,0,0,1
ZSAN,0,0,0,0
VCXB,0,0,0,0
LBPS,0,0,0,0
ASLN,1,0,0,1
AXIM,0,0,0,0
ABCM,0,0,0,0
ACGN,0,0,0,0
ACHL,0,0,0,0
AFMD,1,1,0,1
CYTOF,0,0,0,0
AMPE,1,0,0,1
AMYT,0,0,0,0
APN,0,0,0,0
APTX,0,0,0,0
ARAV,1,0,0,1
ARDS,0,0,0,0
AXLA,1,0,0,1
BLCM,0,0,0,0
BLU,0,0,0,0
BIOM,0,0,0,0
BLPH,1,0,0,1
BPTS,0,0,0,0
BQST,0,0,0,0
CBGL,0,0,0,0
CASI,1,1,0,1
CYAD,0,0,0,0
CBPO,0,0,0,0
CLVR,1,0,0,1
CWBR,0,0,0,0
CMRA,0,0,0,0
CYTH,1,0,0,1
EGRX,1,1,0,1
EVLO,1,0,0,1
EXAI,1,0,0,1
FNCHQ,0,0,0,0
FWP,0,0,0,0
FRLN,0,0,0,0
FRTX,0,0,0,0
GNCA,0,0,0,0
GNFT,0,0,0,0
GSTC,0,0,0,0
GRCL,1,0,0,1
HSTO,0,0,0,0
IMV,0,0,0,0
KLDO,0,0,0,0
KBPH,0,0,0,0
LIAN,0,0,0,0
LMNL,0,0,0,0
LSDI,0,0,0,0
LMDX,0,0,0,0
MACK,1,0,0,1
MYMX,0,0,0,0
MDNAF,0,0,0,0
NBRV,0,0,0,0
NEPT,0,0,0,0
NBSE,0,0,0,0
NEXI,0,0,0,0
OTIC,0,0,0,0
OBSVF,0,0,0,0
OCEA,1,1,0,1
ODT,0,0,0,0
ONCR,1,0,0,1
ONCT,1,0,0,1
PDLI,0,0,0,0
ERYP,0,0,0,0
PYRGF,1,0,0,1
RGRX,0,0,0,0
RUBY,0,0,0,0
SPK,0,0,0,0
SNNC,0,0,0,0
STAB,0,0,0,0
MITO,0,0,0,0
SYRS,1,1,0,1
TARO,1,0,0,1
TCBP,0,0,0,0
TFFP,1,0,0,1
TRVN,1,1,0,1
TLC,0,0,0,0
THTX,1,1,0,1
THRD,1,1,0,1
TCON,1,0,0,1
UBX,1,1,0,1
VCNX,1,0,0,1
VAXX,0,0,0,0
VINC,0,0,0,0
VIRX,1,1,0,1
VRPX,0,0,0,0
VHAQ,0,0,0,0
ZEAL,0,0,0,0
EFTR,1,0,0,1
ACUR,0,0,0,0
ABMC,0,0,0,0
AVRW,0,0,0,0
AVCRF,0,0,0,0
MMTZF,0,0,0,0
NNMX,0,0,0,0
QBIO,0,0,0,0
