,ann_return,ann_vol,sharpe,max_drawdown,turnover_x,worst_month,skew,n_trades,hit_rate,avg_trade_gross,signals,skipped,missing_in_webull
baseline,-0.11506126762677482,0.1881746968644017,-0.5554642414486727,-0.2777575296854037,46.32669976867188,-0.07710952462661624,0.13396152960022248,501.0,0.5069860279441117,0.006681310414088773,673.0,172.0,29.0
baseline ×2 costs,-0.18624639391800435,0.17626974024340275,-1.0807333730659212,-0.38921896385960575,43.901986917467404,-0.07199125075262625,0.21400701852871554,501.0,0.5069860279441117,0.0066813104140887696,673.0,172.0,29.0
no XBI hedge,-0.09755809377594693,0.19331245141174655,-0.4343284078312185,-0.26377738133537587,30.136886377608374,-0.07310686824515056,0.07248222656485066,501.0,0.5069860279441117,0.006681310414088763,673.0,172.0,29.0
no options tail hedge,-0.04661990628767099,0.20332683491161982,-0.1413274786857601,-0.2212622517124686,54.67883564811342,-0.09513712253918938,11.091152215370672,501.0,0.5069860279441117,0.0066813104140887765,673.0,172.0,29.0
no hedges at all,-0.03571806565075919,0.2128640936485587,-0.07253235173255447,-0.20504704135546248,38.712914034817,-0.09135074891245565,9.997937736940862,501.0,0.5069860279441117,0.006681310414088772,673.0,172.0,29.0
no news filter (trade every whale day),-0.10484027415690167,0.18626509696130214,-0.5015185065618121,-0.2615467288120381,49.36379511347088,-0.06118016284314509,0.21989751392676313,545.0,0.5009174311926605,0.006834044202990584,746.0,201.0,29.0
P2 shadow: only days the news already covered,-0.019522563792074066,0.059635383647672555,-0.3006132650272942,-0.09350147784221907,10.036091887703389,-0.03455688721257999,-2.722677533131315,62.0,0.43548387096774194,-0.0031139457426413763,73.0,11.0,4.0
news: trade only uncovered days,-0.09783038615621198,0.18191291455253297,-0.4749949238106312,-0.22863846225929974,41.579168370332646,-0.06118016284314509,0.14599046274864022,431.0,0.5081206496519721,0.006960639770649418,561.0,130.0,28.0
SPIKE_MULT=2.0,-0.11508032192014972,0.19802988523723372,-0.5183838911993047,-0.27657719463400987,49.56866186868794,-0.07815491823578302,0.18443123026499852,539.0,0.5157699443413729,0.007374351898856733,755.0,216.0,31.0
SPIKE_MULT=4.0,-0.0966407651284018,0.18425120491690664,-0.45964235140979987,-0.24814425179925692,43.72462525399608,-0.0652785235102602,0.35032143899352053,450.0,0.5088888888888888,0.007497713823445349,590.0,140.0,29.0
WHALE_MIN_PREMIUM=25000,-0.02781078199971021,0.2926681060402633,0.039232713475709835,-0.2622436353399329,55.85970850355058,-0.11542697647986278,7.1039957763617,579.0,0.5008635578583766,0.012880376506114996,816.0,237.0,33.0
WHALE_MIN_PREMIUM=100000,-0.08193906925547367,0.1995916445631812,-0.3288870648601433,-0.2348487011888698,42.424344506255764,-0.08294239783611468,0.5033235339381076,402.0,0.5149253731343284,0.010975997279292821,522.0,120.0,25.0
ONE_SIDED_MIN=0.55,-0.11813649721911934,0.18215562736135765,-0.5991204595140389,-0.2750629120670012,47.473303450057784,-0.06610211192139415,0.2694527236162284,563.0,0.5044404973357016,0.007160803207047551,816.0,253.0,29.0
ONE_SIDED_MIN=0.75,-0.09294313110146157,0.1982294804094653,-0.39291298747073045,-0.23475966095148926,46.9969322040805,-0.08116252930530277,-0.0052772738071106065,443.0,0.5191873589164786,0.008782637984055318,568.0,125.0,29.0
HOLD_SESSIONS=3,-0.09255518821592223,0.24001979631640505,-0.2852986893693775,-0.22381951578746728,71.39884371829156,-0.1013998203006834,0.570957572249163,537.0,0.5344506517690876,0.006837718408476013,673.0,136.0,29.0
HOLD_SESSIONS=10,-0.067310513290469,0.17541290590132833,-0.30986668841215753,-0.229220680935165,38.588890637431966,-0.08207651907149949,0.4893032620274573,393.0,0.5419847328244275,0.01689709776539448,673.0,280.0,29.0
