ticker,date,hedged,reason,option,premium_pct_of_position
IONS,2026-03-17,False,hedge contract did not trade on the entry day,O:IONS260417P00065000,
IMCR,2026-03-17,False,hedge contract did not trade on the entry day,O:IMCR260417P00030000,
RVMD,2026-03-18,True,,O:RVMD260417P00090000,0.06144498806281315
ALDX,2026-03-18,True,,O:ALDX260417P00001000,0.046921163183085986
ERAS,2026-03-19,True,,O:ERAS260417P00012500,0.0941076651440146
ADMA,2026-03-19,True,,O:ADMA260417P00013000,0.025471643194590596
BMY,2026-03-19,True,,O:BMY260417P00052500,0.006210397899244455
QGEN,2026-03-20,True,,O:QGEN260417C00045000,0.023196482620816618
TECH,2026-03-20,True,,O:TECH260417C00055000,0.030708702826620513
IRD,2026-03-23,True,,O:IRD260417C00005000,0.08788759750179821
SRRK,2026-03-25,True,,O:SRRK260417P00040000,0.02229586016602748
AVTX,2026-03-26,False,hedge contract did not trade on the entry day,O:AVTX260417C00015000,
ADMA,2026-03-30,True,,O:ADMA260417P00008000,0.07475574138251524
CMPX,2026-04-01,True,,O:CMPX260417P00005000,0.25630934532120314
OMER,2026-04-02,True,,O:OMER260515C00013000,0.05898774437779814
WVE,2026-04-02,True,,O:WVE260515P00006000,0.031797308741792984
PRGO,2026-04-06,True,,O:PRGO260515P00010000,0.07186227748694678
REPL,2026-04-07,False,hedge contract did not trade on the entry day,O:REPL260508P00008000,
BMY,2026-04-09,True,,O:BMY260508C00063000,0.01214116581355063
AVTX,2026-04-10,True,,O:AVTX260515C00015000,0.4964788732394366
BHVN,2026-04-13,True,,O:BHVN260515C00010000,0.12272149879203197
PRGO,2026-04-14,True,,O:PRGO260515P00010000,0.03374436118648033
LEGN,2026-04-14,True,,O:LEGN260515C00020000,0.042131962716853225
SRPT,2026-04-14,True,,O:SRPT260515C00025000,0.0462815845009742
AXSM,2026-04-14,True,,O:AXSM260515C00200000,0.0509065067314077
BMRN,2026-04-15,True,,O:BMRN260515C00062500,0.011269888037713612
CMPX,2026-04-15,True,,O:CMPX260515C00006000,0.3629899767911559
ELVN,2026-04-15,True,,O:ELVN260515C00050000,0.058939039551864435
IMVT,2026-04-17,False,hedge contract did not trade on the entry day,O:IMVT260515C00031000,
RARE,2026-04-20,True,,O:RARE260515C00027500,0.018510709266673413
TRVI,2026-04-20,True,,O:TRVI260515C00017000,0.04073487910345465
VNDA,2026-04-20,True,,O:VNDA260515C00008000,0.03756968237276253
NVAX,2026-04-21,False,hedge contract did not trade on the entry day,O:NVAX260522C00009500,
CMPS,2026-04-22,True,,O:CMPS260515C00010000,0.05269623444798083
IDYA,2026-04-23,True,,O:IDYA260515C00035000,0.022313860905796068
GLUE,2026-04-23,False,hedge contract did not trade on the entry day,O:GLUE260515P00020000,
ZTS,2026-04-28,True,,O:ZTS260515C00130000,0.009874448170610063
XENE,2026-04-29,False,hedge contract did not trade on the entry day,O:XENE260515P00047500,
ERAS,2026-04-29,True,,O:ERAS260515C00010000,0.06692629825048599
AVTX,2026-04-30,True,,O:AVTX260515P00012500,0.39682123454884066
ZVRA,2026-05-01,False,hedge contract did not trade on the entry day,O:ZVRA260515P00009000,
ARDX,2026-05-01,True,,O:ARDX260515C00007000,0.055194930810505506
TECH,2026-05-05,True,,O:TECH260618P00050000,0.04020398715800893
LEGN,2026-05-06,True,,O:LEGN260618C00030000,0.11187001305672421
BCRX,2026-05-06,True,,O:BCRX260618C00009000,0.05772198742816757
ABCL,2026-05-06,True,,O:ABCL260618P00004000,0.056727939425133635
RARE,2026-05-07,True,,O:RARE260618C00030000,0.02060971319096324
VTRS,2026-05-07,True,,O:VTRS260618P00015000,0.014481257954616389
CYTK,2026-05-07,True,,O:CYTK260618C00080000,0.0455131424687792
MRVI,2026-05-11,True,,O:MRVI260618C00005000,0.09397692863875867
PFE,2026-05-11,True,,O:PFE260612C00028000,0.00747481555977064
VSTM,2026-05-12,True,,O:VSTM260618C00005000,0.589478878615028
RDY,2026-05-13,False,hedge contract did not trade on the entry day,O:RDY260618C00015000,
QGEN,2026-05-14,True,,O:QGEN260618C00035000,0.042973851070331213
RARE,2026-05-15,True,,O:RARE260618P00022500,0.019938679766243618
AMGN,2026-05-15,False,hedge contract did not trade on the entry day,O:AMGN260612C00370000,
SDGR,2026-05-20,False,hedge contract did not trade on the entry day,O:SDGR260618P00010000,
CMPS,2026-05-21,True,,O:CMPS260618P00010000,0.03128274210447538
CYTK,2026-05-21,True,,O:CYTK260618C00085000,0.0195921084536215
CGON,2026-05-27,False,hedge contract did not trade on the entry day,O:CGON260618P00055000,
EXEL,2026-05-29,False,hedge contract did not trade on the entry day,O:EXEL260618P00046000,
BMY,2026-05-29,True,,O:BMY260626C00061000,0.008688993423077279
RLAY,2026-06-03,False,hedge contract did not trade on the entry day,O:RLAY260717P00014000,
PRGO,2026-06-09,False,hedge contract did not trade on the entry day,O:PRGO260717P00010000,
DNA,2026-06-09,True,,O:DNA260717C00009000,0.08163985891168808
RLAY,2026-06-11,False,hedge contract did not trade on the entry day,O:RLAY260717P00012000,
OCUL,2026-06-12,False,hedge contract did not trade on the entry day,O:OCUL260710C00009500,
TGTX,2026-06-12,False,hedge contract did not trade on the entry day,O:TGTX260717P00043000,
BHVN,2026-06-17,True,,O:BHVN260717P00012500,0.0742037717886245
ELVN,2026-06-17,False,hedge contract did not trade on the entry day,O:ELVN260717P00040000,
IONS,2026-06-22,False,hedge contract did not trade on the entry day,O:IONS260717P00067500,
VTRS,2026-06-22,True,,O:VTRS260717C00017000,0.003774800254591526
EXEL,2026-06-22,True,,O:EXEL260717P00047000,0.010108789833445653
ACAD,2026-06-22,False,hedge contract did not trade on the entry day,O:ACAD260717P00019000,
ERAS,2026-06-23,True,,O:ERAS260717P00012500,0.030146900219692966
CYTK,2026-06-23,True,,O:CYTK260717C00085000,0.019555105642192764
AVBP,2026-06-24,True,,O:AVBP260717P00030000,0.13605148360903557
CGON,2026-06-26,True,,O:CGON260717P00065000,0.0933640840969354
ZVRA,2026-06-30,True,,O:ZVRA260717C00015000,0.029962104092897172
BHC,2026-06-30,False,hedge contract did not trade on the entry day,O:BHC260731P00004000,
ABCL,2026-06-30,True,,O:ABCL260717C00009000,0.047564051506703835
VERA,2026-07-07,True,,O:VERA260821P00035000,0.06462545955882353
NVS,2026-07-08,True,,O:NVS260821C00170000,0.011957129191852352
ERAS,2026-07-08,False,hedge contract did not trade on the entry day,O:ERAS260821P00017500,
CMPS,2026-07-09,True,,O:CMPS260821P00013000,0.11356741157318336
GSK,2026-07-09,True,,O:GSK260807C00057000,0.012203629114717651
OCUL,2026-07-10,False,hedge contract did not trade on the entry day,O:OCUL260807C00011500,
IOVA,2026-07-10,True,,O:IOVA260807P00004000,0.10498984167016952
EXEL,2026-07-10,True,,O:EXEL260821C00065000,0.017302396196215045
SNY,2026-07-13,True,,O:SNY260821C00047500,0.013532789391217945
CYTK,2026-07-20,True,,O:CYTK260821C00090000,0.029062878158567194
NUVB,2026-07-21,True,,O:NUVB260821C00007500,0.053507541400081945
SNY,2026-07-21,True,,O:SNY260821C00047500,0.011202708458156775
RARE,2026-07-22,False,hedge contract did not trade on the entry day,O:RARE260821P00025000,
TNGX,2026-07-22,False,hedge contract did not trade on the entry day,O:TNGX260821P00025000,
ALKS,2026-07-22,True,,O:ALKS260821C00060000,0.02015734729309623
IONS,2026-07-23,True,,O:IONS260821C00060000,0.03502039572789899
QURE,2026-07-28,True,,O:QURE260821P00034000,0.08946342730934129
BIOA,2026-07-28,False,hedge contract did not trade on the entry day,O:BIOA260821P00020000,
BNTX,2026-07-29,False,hedge contract did not trade on the entry day,O:BNTX260821P00082500,
TWST,2026-07-30,False,hedge contract did not trade on the entry day,O:TWST260821C00097500,
SNY,2026-07-30,True,,O:SNY260821C00045000,0.007474926724017438
ALMS,2026-07-30,False,hedge contract did not trade on the entry day,O:ALMS260821C00030000,
CAPR,2026-07-31,True,,O:CAPR260821P00004000,0.24639289266257963
PGEN,2026-08-03,True,,O:PGEN260821P00005500,0.05374590760919524
ABBV,2026-08-03,True,,O:ABBV260904C00275000,0.005285798067411545
SMMT,2026-08-04,False,hedge contract did not trade on the entry day,O:SMMT260904C00014500,
QGEN,2026-08-05,True,,O:QGEN260821P00040000,0.03715108576388942
BHC,2026-08-05,False,hedge contract did not trade on the entry day,O:BHC260904C00007000,
AZN,2026-08-06,True,,O:AZN260918P00145000,0.0074031646247051065
UTHR,2026-08-07,False,hedge contract did not trade on the entry day,O:UTHR260918P00480000,
ERAS,2026-08-07,True,,O:ERAS260918P00017500,0.11393007208912981
AMLX,2026-08-10,True,,O:AMLX260918C00025000,0.2752147574753653
INDV,2026-08-12,False,hedge contract did not trade on the entry day,O:INDV260918P00035000,
SDGR,2026-08-12,True,,O:SDGR260918P00017500,0.044533155400119644
BCRX,2026-08-12,False,hedge contract did not trade on the entry day,O:BCRX260918P00009000,
VERA,2026-08-17,True,,O:VERA260918P00030000,0.0716168946311818
BHC,2026-08-19,True,,O:BHC260918P00006000,0.017452131616595135
ALMS,2026-08-19,True,,O:ALMS260918C00028000,0.1945181255526083
IOVA,2026-08-20,True,,O:IOVA260918P00007500,0.053189814948776254
SDGR,2026-08-20,True,,O:SDGR260918P00017500,0.019839526928192786
DNA,2026-08-20,True,,O:DNA260918P00007000,0.09235318543203619
ARDX,2026-08-21,True,,O:ARDX260918P00004000,0.058442043417645896
NVAX,2026-08-24,True,,O:NVAX260925P00008000,0.06657308128723458
MRVI,2026-08-24,True,,O:MRVI260918C00010000,0.05656374650938429
RXRX,2026-08-24,True,,O:RXRX260925C00004000,0.03543668662124187
CAPR,2026-08-25,True,,O:CAPR260918P00007000,0.07206727567320405
SRRK,2026-08-27,True,,O:SRRK260918P00055000,0.02152913385826772
ZYME,2026-08-27,False,hedge contract did not trade on the entry day,O:ZYME260918P00025000,
SRPT,2026-08-28,True,,O:SRPT260925P00019000,0.027190182970706016
NVAX,2026-09-01,True,,O:NVAX261002C00010000,0.11879915552650447
BMRN,2026-09-02,True,,O:BMRN260918C00072500,0.006071041479388724
PFE,2026-09-02,True,,O:PFE261002C00031500,0.004498625165064351
ERAS,2026-09-03,True,,O:ERAS261016P00015000,0.09745322245322247
PHVS,2026-09-08,True,,O:PHVS261016C00045000,0.04041234417691257
TYRA,2026-09-08,True,,O:TYRA261016P00025000,0.21128273100558917
CMPS,2026-09-09,True,,O:CMPS261016P00013000,0.0394317024340557
ABVX,2026-09-14,True,,O:ABVX261016C00130000,0.04939772955970155
GILD,2026-09-15,False,hedge contract did not trade on the entry day,O:GILD261016P00130000,
OCUL,2026-09-17,True,,O:OCUL261016C00011000,0.04925766402350069
MRVI,2026-09-17,True,,O:MRVI261016C00007500,0.12465639289292027
ACAD,2026-09-17,False,hedge contract did not trade on the entry day,O:ACAD261016C00031000,
IMMX,2026-09-18,True,,O:IMMX261016P00012500,0.14319491028790166
BHVN,2026-09-18,True,,O:BHVN261016P00013000,0.06776012026199936
TGTX,2026-09-22,True,,O:TGTX261016C00065000,0.021139701089025575
QURE,2026-09-25,False,hedge contract did not trade on the entry day,O:QURE261016C00042000,
KOD,2026-09-25,True,,O:KOD261016P00030000,0.19532947000805925
SGMT,2026-09-25,True,,O:SGMT261016P00007500,0.011403417687720652
VKTX,2026-09-25,True,,O:VKTX261023C00042000,0.025370550687006388
SNDX,2026-09-30,False,hedge contract did not trade on the entry day,O:SNDX261016P00016000,
ADMA,2026-09-30,True,,O:ADMA261016C00011000,0.015751560154529592
PGEN,2026-10-02,True,,O:PGEN261016C00009000,0.032498035368025556
