group,horizon,measure,mean,ci_lo,ci_hi,n
traded (not covered_same),1,raw,0.0059796913431339575,-0.00023367616731124772,0.012625592730235665,176
traded (not covered_same),1,minus XBI,0.00580168847529943,-0.00023237961265271296,0.012352362521589425,176
traded (not covered_same),3,raw,0.017862150052341437,-0.004241953467208884,0.04632780426276136,175
traded (not covered_same),3,minus XBI,0.01367505611701594,-0.008127813728804624,0.04182286497029934,175
traded (not covered_same),5,raw,0.025412578448808436,-0.0038065787810228177,0.059834392087172825,173
traded (not covered_same),5,minus XBI,0.018341148234897794,-0.010219875266052465,0.05166082210551952,173
traded (not covered_same),10,raw,0.023989687699688608,-0.004345802815214697,0.05125119245457696,168
traded (not covered_same),10,minus XBI,0.010436510375567727,-0.01748695732333843,0.037698894490006345,168
traded (not covered_same),20,raw,0.03747316982401135,-0.003969109097191363,0.0812588454338324,157
traded (not covered_same),20,minus XBI,0.023608891688451556,-0.016768971342296952,0.0651415763791036,157
covered_same (skipped),1,raw,-0.0018433891360611378,-0.011328266431878805,0.009196439992975888,23
covered_same (skipped),1,minus XBI,0.0002811967333221788,-0.007288309542382332,0.00855715344664544,23
covered_same (skipped),3,raw,-0.008398379375235078,-0.029178161549275574,0.014581296335750112,23
covered_same (skipped),3,minus XBI,-0.014641668407034321,-0.03684841108261975,0.008043543655252814,23
covered_same (skipped),5,raw,-0.03831204083018747,-0.1382733446167926,0.027834452570073134,22
covered_same (skipped),5,minus XBI,-0.044051285892774524,-0.14213443036954948,0.02237619489188982,22
covered_same (skipped),10,raw,-0.018222471192486645,-0.12146273590465201,0.06596254651445249,19
covered_same (skipped),10,minus XBI,-0.016562343798453665,-0.11967487489014797,0.07000111421975222,19
covered_same (skipped),20,raw,-0.04759453450712918,-0.23161848975556845,0.0861512457693718,18
covered_same (skipped),20,minus XBI,-0.08107186141018984,-0.25403978158511653,0.04182350043912551,18
all whale days,1,raw,0.0050755162123727144,-0.0008268238693759589,0.010985781359129252,199
all whale days,1,minus XBI,0.0051636416910508035,-0.0004763878534137235,0.011052653177000311,199
all whale days,3,raw,0.014811684512774472,-0.005132681901538249,0.03959918384598965,198
all whale days,3,minus XBI,0.010385739631898996,-0.009526758515386537,0.03555214602271362,198
all whale days,5,raw,0.018223134222460177,-0.009451715715750077,0.05062910821198675,195
all whale days,5,minus XBI,0.011302001820493736,-0.01627015394666538,0.04425683376662828,195
all whale days,10,raw,0.019700751769467593,-0.007577836192478627,0.04599898222373624,187
all whale days,10,minus XBI,0.007693311288367687,-0.018707047032119613,0.033926459586505406,187
all whale days,20,raw,0.028723348807094047,-0.012691082700847027,0.06968368675423356,175
all whale days,20,minus XBI,0.012841728512591298,-0.026614195278795827,0.052030014968318355,175
