signal_date,news_status,whale_premium,one_sided,spike_ratio,weight,sigma20,adv_shares,adv_participation,hedge_pnl_pct,hedged,return_with_hedge,ticker,direction,entry_date,entry_price,exit_date,exit_price,shares,gross_return,exit_reason
2026-03-16,uncovered,1408225.0,1.0,121.57333333333334,0.1,0.023433508493803427,2508995.4,0.0005508180684587943,0.0,False,-0.028749136143745635,IONS,1,2026-03-17,72.35,2026-03-24,70.27,1382,-0.028749136143745635,hold
2026-03-16,uncovered,399750.0,1.0,300.0,0.1,0.025448354025225488,394177.95,0.008298282539649923,0.0,False,-0.02442996742671011,IMCR,1,2026-03-17,30.7,2026-03-24,29.95,3271,-0.02442996742671011,hold
2026-03-17,uncovered,4500000.0,1.0,9.001557632398754,0.1,0.01876469208205478,2304385.75,0.0004374267632925607,-0.0037688505073504596,True,-0.02989615808326077,RVMD,1,2026-03-18,99.13,2026-03-25,96.54,1008,-0.026127307575910308,hold
2026-03-17,covered_opposite,2987100.0,0.9444511399015768,11.174244415243102,0.0360233331869632,0.2775978543712048,3962916.25,0.007328189183912226,-0.039015673243575175,True,0.610984326756425,ALDX,1,2026-03-18,1.2,2026-03-25,1.98,29041,0.6500000000000001,hold
2026-03-18,uncovered,119000.0,1.0,19.808362369337974,0.1,0.03555122832266975,3782345.3,0.0018012633590063817,0.15572534063741553,True,-0.06800347292190653,ADMA,1,2026-03-19,14.75,2026-03-25,11.45,6813,-0.22372881355932206,stop
2026-03-18,uncovered,300000.0,1.0,15.422222222222222,0.1,0.03529793211094356,4489466.25,0.0016716909276241914,-0.05153514995981752,True,0.13605827305961432,ERAS,1,2026-03-19,13.38,2026-03-26,15.889999999999999,7505,0.18759342301943183,hold
2026-03-18,covered_neutral,2363040.0,0.68267993770736,8.167320261437908,0.1,0.011785278663031612,12398260.8,0.00014203605073382549,-0.0022505664376693563,True,-0.009681747025222122,BMY,1,2026-03-19,57.357508,2026-03-26,56.931274,1761,-0.007431180587552766,hold
2026-03-19,uncovered,1123400.0,1.0,5.5181818181818185,0.1,0.018851504651249785,2111498.8,0.0012214072771436102,-0.012403017238069294,True,0.00025519539345648413,QGEN,-1,2026-03-20,39.929808,2026-03-27,39.424368,2579,0.012658212631525778,hold
2026-03-19,covered_opposite,1599000.0,1.0,20.46268656716418,0.1,0.028931595280918303,2518804.6,0.0008019677270718022,-0.010601814071095176,True,-0.030074794003082442,TECH,-1,2026-03-20,51.457661,2026-03-27,52.459695,2020,-0.019472979931987267,hold
2026-03-20,uncovered,50000.0,1.0,98.42857142857144,0.1,0.05030917197193025,1143487.8,0.019999338864830914,-0.03420318613218266,True,-0.06580589493579458,IRD,-1,2026-03-23,4.43,2026-03-30,4.57,22869,-0.031602708803611934,hold
2026-03-24,uncovered,365000.0,0.7602739726027398,7.805243445692884,0.1,0.04211901437216431,1630090.75,0.0014502260073557254,-0.013330329093974101,True,0.14586093281632098,SRRK,1,2026-03-25,43.03,2026-04-01,49.88,2364,0.1591912619102951,hold
2026-03-25,uncovered,400000.0,1.0,151.25714285714287,0.1,0.03259009690682968,827198.25,0.008600114905949087,0.0,False,-0.18768115942028962,AVTX,-1,2026-03-26,13.800000000000002,2026-04-02,16.39,7114,-0.18768115942028962,hold
2026-03-27,covered_opposite,3670564.0,1.0,59.15217391304348,0.1,0.07431066896567,9018839.75,0.0012014849249317242,-0.05661299809787661,True,-0.047087102992215676,ADMA,1,2026-03-30,9.133,2026-04-07,9.22,10836,0.009525895105660931,hold
2026-03-31,uncovered,1037275.0,1.0,42.0347551342812,0.1,0.0327246319643277,2057573.25,0.00915009951650567,-0.08101304150143436,True,-0.09764890102084285,CMPX,1,2026-04-01,5.41,2026-04-09,5.32,18827,-0.01663585951940849,hold
2026-04-06,uncovered,519924.0,0.8943614836014494,8.32712215320911,0.1,0.04654823171501609,1791475.0,0.006555491982863283,0.0,False,-0.3178654292343387,REPL,1,2026-04-07,8.62,2026-04-09,5.88,11744,-0.3178654292343387,stop
2026-04-01,uncovered,240720.0,0.7424393486208043,14.951672862453533,0.1,0.04295221862955575,1048725.7,0.007975393375026472,-0.003926466266788821,True,-0.03834987418417279,OMER,-1,2026-04-02,11.62,2026-04-10,12.02,8364,-0.034423407917383964,hold
2026-04-01,uncovered,60000.0,1.0,3.199756023177798,0.06325518139848012,0.15808981618445375,6519307.95,0.0014352750432659036,-0.003042692426423684,True,0.08614079657628798,WVE,1,2026-04-02,6.638,2026-04-10,7.23,9357,0.08918348900271167,hold
2026-04-02,uncovered,53850.0,1.0,7.0092879256965945,0.1,0.03936939617011652,4099165.1,0.0023641399562071798,-0.0296932975139942,True,-0.03995450065588692,PRGO,1,2026-04-06,10.237396,2026-04-13,10.132348,9691,-0.010261203141892716,hold
2026-04-08,covered_opposite,633395.0,0.9188263248052163,19.50477845351868,0.1,0.01660152488378347,13592621.3,0.00012065369613438726,-0.0050846528922704,True,0.012462185101768155,BMY,-1,2026-04-09,57.449781,2026-04-16,56.441719000000006,1640,0.017546837994038555,hold
2026-04-09,uncovered,1170000.0,0.8333333333333334,10.270440251572326,0.1,0.0518982698788803,905765.0,0.0071331968004946095,-0.025064055935330076,True,-0.06805207566753597,AVTX,-1,2026-04-10,14.19,2026-04-17,14.8,6461,-0.042988019732205895,hold
2026-04-13,uncovered,72436.0,1.0,7.929032258064516,0.1,0.026811426737083702,1338394.6,0.00394203622758191,0.06937662328009293,True,-0.11885867083755412,LEGN,-1,2026-04-14,17.85,2026-04-17,21.21,5276,-0.18823529411764706,stop
2026-04-14,uncovered,1849250.0,0.918804920913884,21.070782331027143,0.1,0.030450802506189204,2476279.25,0.006987903323100575,-0.01034067478596583,True,-0.2147202368297612,CMPX,-1,2026-04-15,5.48,2026-04-17,6.6,17304,-0.20437956204379537,stop
2026-04-10,uncovered,53250.0,1.0,18.04489337822671,0.1,0.04422901525874695,2275579.15,0.004664746554739702,0.04749622921509934,True,-0.12024570626877139,BHVN,-1,2026-04-13,9.3,2026-04-20,10.86,10615,-0.16774193548387073,hold
2026-04-13,uncovered,132705.00000000003,1.0,4.251366120218579,0.1,0.03621168051875508,3781466.5,0.0022850923047976228,-0.015356209428100603,True,0.045436754225302425,PRGO,1,2026-04-14,10.839034,2026-04-21,11.497971,8641,0.06079296365340303,hold
2026-04-13,uncovered,204960.0,1.0,13.31764705882353,0.1,0.07944326402356347,3413906.45,0.001254574506574426,-0.02663707891031966,True,-0.005912870301802348,SRPT,-1,2026-04-14,21.955,2026-04-21,21.5,4283,0.020724208608517314,hold
2026-04-13,uncovered,1880000.0,1.0,22.09278350515464,0.1,0.022088082256214024,580954.4,0.0009002427729267563,-0.007458170207076794,True,-0.054295796062336206,AXSM,-1,2026-04-14,179.77,2026-04-21,188.19,523,-0.04683762585525941,hold
2026-04-14,uncovered,190500.0,0.7244094488188977,4.475,0.1,0.018894155200941617,1894298.0,0.0008958463768636191,-0.004512964054213318,True,0.015219178802929435,BMRN,-1,2026-04-15,56.0,2026-04-22,54.895,1697,0.019732142857142754,hold
2026-04-14,uncovered,422500.0,0.714792899408284,58.88235294117647,0.1,0.05462769558531341,1850663.25,0.0011336476260605489,-0.01499858225548398,True,-0.056721327881325084,ELVN,-1,2026-04-15,44.58,2026-04-22,46.44,2098,-0.04172274562584111,hold
2026-04-16,covered_opposite,195020.0,1.0,74.07142857142857,0.1,0.03351837648997214,1528342.85,0.002161818599799122,0.0,False,-0.0417266187050358,IMVT,-1,2026-04-17,27.8,2026-04-24,28.959999999999997,3304,-0.0417266187050358,hold
2026-04-17,uncovered,238510.0,1.0,28.676616915422887,0.05,0.03867325423901923,2140282.35,0.0007578439358713583,-0.008994922576554504,True,0.010095248016459373,RARE,-1,2026-04-20,24.62,2026-04-27,24.15,1622,0.019090170593013878,hold
2026-04-17,covered_opposite,779915.0,1.0,831.6,0.05,0.032040483463574805,1601141.65,0.001650072621619705,-0.0038795122955671097,True,0.04474072423531333,TRVI,-1,2026-04-20,15.220000000000002,2026-04-27,14.480000000000002,2642,0.048620236530880434,hold
2026-04-17,uncovered,68000.0,1.0,19.928571428571427,0.05,0.05065532828615832,1696822.95,0.003261978511075655,-0.014593502216895144,True,0.02713111530744417,VNDA,-1,2026-04-20,7.19,2026-04-27,6.890000000000001,5535,0.041724617524339314,hold
2026-04-20,uncovered,89991.00000000001,1.0,7.050529747351264,0.05,0.03329483171756899,3341075.0,0.001523162455197803,0.0,False,0.06805074971164937,NVAX,-1,2026-04-21,8.67,2026-04-28,8.08,5089,0.06805074971164937,hold
2026-04-21,covered_opposite,223000.0,0.6995515695067265,4.258461538461538,0.1,0.08590181058923885,4309655.15,0.0022171147498889787,-0.03840733151856204,True,0.05347875123264709,CMPS,-1,2026-04-22,9.305,2026-04-29,8.45,9555,0.09188608275120913,hold
2026-04-22,uncovered,296000.0,1.0,12.906870229007634,0.1,0.03401137327702879,1717717.45,0.0016382205350478334,-0.017614603845019644,True,0.074800947461545,IDYA,-1,2026-04-23,31.38,2026-04-30,28.48,2814,0.09241555130656465,hold
2026-04-22,uncovered,488000.0,0.7049180327868853,100.9,0.1,0.028974839682206207,1075499.65,0.003949792080360045,0.0,False,-0.09966459032103503,GLUE,1,2026-04-23,20.87,2026-04-30,18.79,4248,-0.09966459032103503,hold
2026-04-27,uncovered,2303250.0,0.6738738738738739,42.954314720812185,0.05,0.016571384681783645,3213921.15,0.00011667990050098149,-0.006577284789884331,True,0.032320611596045115,ZTS,-1,2026-04-28,116.418455,2026-05-05,111.890022,375,0.03889789638592944,hold
2026-04-30,uncovered,348750.0,1.0,56.13636363636363,0.1,0.022276202387537948,3040713.05,0.004658117937172665,0.0419196083968747,True,-0.17474705826979187,ARDX,-1,2026-05-01,6.0,2026-05-05,7.3,14164,-0.21666666666666656,stop
2026-04-28,uncovered,118338.0,1.0,150.0,0.05,0.019247885353204625,883737.75,0.0009131668303181572,0.0,False,0.06958619409909073,XENE,1,2026-04-29,53.89,2026-05-06,57.64,807,0.06958619409909073,hold
2026-04-28,uncovered,1948880.0,0.7160292065186158,21.03514376996805,0.031136027096398372,0.1605856773094333,9425413.0,0.0002938863262543509,0.027930537813570282,True,-0.016172026288993797,ERAS,-1,2026-04-29,9.75,2026-05-06,10.18,2770,-0.04410256410256408,hold
2026-04-29,uncovered,1237020.0,0.8791854618357019,10.807980049875312,0.05,0.05850882696054529,795171.0,0.004204127162585155,-0.3937385154480578,True,0.3190111005273649,AVTX,1,2026-04-30,13.02,2026-05-07,22.300000000000004,3343,0.7127496159754227,hold
2026-05-04,uncovered,732000.0,1.0,35.567567567567565,0.05,0.036639641923634336,1994144.8,0.00039866713791295396,0.02927406714979435,True,-0.13319266028185978,TECH,1,2026-05-05,56.18367,2026-05-07,47.055693,795,-0.16246672743165413,stop
2026-04-30,uncovered,65934.0,1.0,4.792727272727273,0.1,0.026091718644174925,759805.15,0.011602974788996889,0.0,False,0.09322865554465176,ZVRA,1,2026-05-01,10.19,2026-05-08,11.14,8816,0.09322865554465176,hold
2026-05-05,uncovered,610400.0,1.0,4.4214162348877375,0.05,0.05600190663530031,2774273.6,0.0005496934404739316,-0.02563487596111998,True,-0.02882071666908455,LEGN,-1,2026-05-06,28.25,2026-05-13,28.34,1525,-0.003185840707964571,hold
2026-05-05,covered_opposite,92150.0,1.0,4.7565043362241495,0.05,0.02666228652170294,3814968.45,0.0012626578864629928,0.05747719969180222,True,0.05168345693398081,BCRX,-1,2026-05-06,8.63,2026-05-13,8.68,4817,-0.005793742757821407,hold
2026-05-05,uncovered,59486.0,1.0,6.319174757281553,0.05,0.034907505984384336,6435837.05,0.0014504717766277194,-0.021087666015636348,True,0.046157453290220404,ABCL,1,2026-05-06,4.61,2026-05-13,4.92,9335,0.06724511930585675,hold
2026-05-06,uncovered,904000.0,0.7743362831858407,20.37254901960784,0.1,0.021856574938449943,1752953.45,0.0019521339827934393,0.0046521764050822725,True,-0.009685426347737428,RARE,-1,2026-05-07,26.155,2026-05-14,26.53,3422,-0.0143376027528197,hold
2026-05-06,uncovered,903125.0,0.9273356401384083,57.46556473829201,0.1,0.015120958944284743,10716287.35,0.0005268615720723465,-0.008782219011437959,True,0.028762451211407507,VTRS,1,2026-05-07,16.533665,2026-05-14,17.154416,5646,0.037544670222845467,hold
2026-05-06,uncovered,3749148.0,0.671307187659703,5.562635771180304,0.1,0.04400437558231631,2660275.55,0.00044544257830734867,0.006174088862458578,True,-0.028591011808682336,CYTK,-1,2026-05-07,74.5,2026-05-14,77.09,1185,-0.034765100671140914,hold
2026-05-08,uncovered,508760.0,1.0,93.04347826086956,0.1,0.05591387464563373,2507685.75,0.007279221489375214,-0.05841957429006843,True,0.09405976455290672,MRVI,-1,2026-05-11,4.84,2026-05-18,4.102,18254,0.15247933884297515,hold
2026-05-08,covered_opposite,2608978.0,0.7421979027803224,6.076894999391653,0.1,0.010276487009409365,36636583.6,9.5723991032832e-05,-0.005447433273779331,True,0.012776675698043364,PFE,-1,2026-05-11,25.346589,2026-05-18,24.88467,3507,0.018224108971822695,hold
2026-05-11,uncovered,410000.0,1.0,113.5754189944134,0.1,0.05209278189726254,2410947.4,0.00763807621850232,-0.5471199012622548,True,-0.4091888667794963,VSTM,-1,2026-05-12,4.93,2026-05-19,4.25,18415,0.13793103448275856,hold
2026-05-12,uncovered,327000.0,1.0,249.1,0.1,0.022621586936383588,2977587.35,0.002542662602324664,0.0,False,-0.04580742099783919,RDY,-1,2026-05-13,12.788954,2026-05-20,13.374782999999999,7571,-0.04580742099783919,hold
2026-05-13,covered_opposite,1000000.0,1.0,6.908602150537634,0.05,0.030707661301674846,2416151.85,0.0005612230042577828,0.0006178474924946867,True,-0.054081468629977786,QGEN,-1,2026-05-14,32.794176,2026-05-21,34.587995,1356,-0.054699316122472474,hold
2026-05-14,uncovered,753750.0,1.0,57.24444444444445,0.05,0.01808338238246588,1683929.65,0.0010101372108983295,0.009604424239888176,True,-0.06935317980523047,RARE,1,2026-05-15,25.71,2026-05-22,23.68,1701,-0.07895760404511865,hold
2026-05-14,covered_opposite,113470541.0,0.8171222079570415,10.465648854961833,0.05,0.01654216130559825,2693666.7,4.900383555248316e-05,0.0,False,-0.011985844735514117,AMGN,-1,2026-05-15,334.276481,2026-05-22,338.283067,132,-0.011985844735514117,hold
2026-05-19,uncovered,59920.00000000001,1.0,4.5665236051502145,0.05,0.032691149921581536,1445895.6,0.002349408906147857,0.0,False,0.10016694490818012,SDGR,1,2026-05-20,11.980000000000002,2026-05-28,13.18,3397,0.10016694490818012,hold
2026-05-20,uncovered,190000.0,1.0,3.995212447636146,0.05,0.05728511848412308,4253179.9,0.0008932140396882811,-0.0027397499317354432,True,0.10697080095528587,CMPS,1,2026-05-21,10.71,2026-05-29,11.885,3799,0.10971055088702131,hold
2026-05-20,covered_neutral,1381750.0,0.9379410168264881,3.551859099804305,0.05,0.04612800852410999,3728900.95,0.00014052397932425638,-0.010908829312042253,True,0.011032744868337866,CYTK,-1,2026-05-21,78.39,2026-05-29,76.67,524,0.02194157418038012,hold
2026-05-26,uncovered,16317500.0,0.7628313160717022,186.9591836734694,0.05,0.028599367933520036,903739.4,0.0007435771860781991,0.0,False,-0.10583292939085465,CGON,1,2026-05-27,61.89,2026-06-03,55.34,672,-0.10583292939085465,hold
2026-05-28,uncovered,229660.0,1.0,26.96825396825397,0.05,0.03017598723010311,2909130.4,0.000276714993593962,0.0,False,0.02003501264345453,EXEL,1,2026-05-29,51.41,2026-06-05,52.44,805,0.02003501264345453,hold
2026-05-28,uncovered,3531895.0,0.8633036939093602,3.3712632594021215,0.05,0.018161355890694026,10590985.5,7.01540003052596e-05,-0.0008692371068722803,True,-0.001395552056670992,BMY,-1,2026-05-29,55.785988999999994,2026-06-05,55.81535,743,-0.0005263149497987119,hold
2026-06-02,uncovered,1400000.0,1.0,12.051282051282053,0.05,0.036571819406883,4694006.95,0.0005607149772115271,0.0,False,-0.11288265306122458,RLAY,1,2026-06-03,15.680000000000001,2026-06-10,13.91,2632,-0.11288265306122458,hold
2026-06-08,uncovered,960590.0,0.6675584796843607,28.702412868632702,0.05,0.030152313866726472,2756847.75,0.0013101920481462931,0.0,False,-0.027272752576774417,PRGO,1,2026-06-09,10.77801,2026-06-16,10.484064,3612,-0.027272752576774417,hold
2026-06-08,uncovered,100905.0,1.0,5.063025210084033,0.05,0.04782281597749319,1325339.85,0.0038329791411614157,-0.009961617832157602,True,-0.014918247324103021,DNA,-1,2026-06-09,8.07,2026-06-16,8.11,5080,-0.004956629491945419,hold
2026-06-10,uncovered,504000.0,1.0,6.867724867724868,0.05,0.04405900602413489,5109556.4,0.0005982906852735787,0.0,False,0.17746686303387338,RLAY,1,2026-06-11,13.58,2026-06-18,15.99,3057,0.17746686303387338,hold
2026-06-11,uncovered,58500.0,1.0,44.38647342995169,0.05,0.04188494964358055,2513735.15,0.0018840489221786155,0.0,False,-0.09942196531791891,OCUL,-1,2026-06-12,8.65,2026-06-22,9.51,4736,-0.09942196531791891,hold
2026-06-11,uncovered,383720.0,1.0,4.4577656675749315,0.05,0.03462284065023157,1900719.55,0.0004508818778656746,0.0,False,0.13654526534859524,TGTX,1,2026-06-12,48.05,2026-06-22,54.611,857,0.13654526534859524,hold
2026-06-16,uncovered,1715925.0,1.0,25.37278106508876,0.05,0.05911036840011158,3077698.7,0.0011037467702735163,-0.049638023179758996,True,0.08258082180504331,BHVN,1,2026-06-17,13.160000000000002,2026-06-25,14.9,3397,0.1322188449848023,hold
2026-06-16,uncovered,940000.0,1.0,69.93162393162393,0.05,0.05152747222730938,1588506.5,0.0006074888582451504,0.0,False,0.10904817861339611,ELVN,1,2026-06-17,42.55,2026-06-25,47.19,965,0.10904817861339611,hold
2026-06-18,uncovered,234350.0,1.0,50.09756097560975,0.05,0.01348000346544405,1745977.2,0.00032016454739500607,0.0,False,0.08216432865731482,IONS,1,2026-06-22,74.85,2026-06-29,81.0,559,0.08216432865731482,hold
2026-06-18,uncovered,170000.0,1.0,22.99093655589124,0.05,0.017627236203553238,9840162.35,0.00027631657926863374,0.006052635534775326,True,-0.052866120305479526,VTRS,-1,2026-06-22,15.330024999999997,2026-06-29,16.233251,2719,-0.058918755840254855,hold
2026-06-18,uncovered,107147.0,1.0,39.54128440366973,0.05,0.020862531393327135,2480007.1,0.00032217649699470616,-0.000962741888899586,True,0.05672956580340812,EXEL,1,2026-06-22,52.0,2026-06-29,55.0,799,0.05769230769230771,hold
2026-06-18,uncovered,83121.99999999999,1.0,62.75,0.05,0.016244082680439392,1265748.55,0.0015160989123787659,0.0,False,0.17375231053604434,ACAD,1,2026-06-22,21.64,2026-06-29,25.4,1919,0.17375231053604434,hold
2026-06-22,covered_opposite,1205200.0,1.0,3.319286871961102,0.05,0.052620608524041546,5540096.7,0.0004983667523348464,-0.02754920813727044,True,0.19186434090216312,ERAS,1,2026-06-23,14.835000000000003,2026-06-30,18.09,2761,0.21941354903943355,hold
2026-06-22,uncovered,1381000.0,1.0,7.663643858202803,0.05,0.02622667070685044,1982551.95,0.00026531461130186275,0.0268488286287382,True,-0.08455767852406612,CYTK,-1,2026-06-23,78.99,2026-06-30,87.79,526,-0.11140650715280431,hold
2026-06-23,uncovered,481224.0,0.8196598673382873,25.6,0.05,0.043557645031467654,639249.85,0.0019288232918631112,-0.05125325731726631,True,-0.021371600512532327,AVBP,1,2026-06-24,33.8,2026-07-01,34.81,1233,0.02988165680473398,hold
2026-06-25,uncovered,9563700.0,0.6536905172684212,38.53488372093023,0.05,0.03799002407498442,1038319.55,0.0005441484752935644,-0.02877775440806199,True,-0.06710719526532263,CGON,1,2026-06-26,72.79,2026-07-06,70.0,565,-0.038329440857260644,hold
2026-06-29,uncovered,102500.0,1.0,5.152619589977221,0.05,0.04719709223070364,1979131.9,0.0014940894035410173,0.0015858965493819276,True,-0.013318290817544964,ZVRA,-1,2026-06-30,14.09,2026-07-08,14.299999999999999,2957,-0.014904187366926891,hold
2026-06-29,uncovered,81600.0,1.0,8.503311258278146,0.05,0.03917854423192552,2975621.3,0.002871333122934696,0.0,False,0.014583333333333393,BHC,1,2026-06-30,4.8,2026-07-08,4.87,8544,0.014583333333333393,hold
2026-06-29,uncovered,232490.0,0.7425695728848553,3.742671009771987,0.05,0.06474631857355148,7729269.4,0.0006602176397163748,-0.03544531047517905,True,0.02945032519844528,ABCL,-1,2026-06-30,7.905000000000001,2026-07-08,7.392,5103,0.06489563567362433,hold
2026-07-06,uncovered,2028380.0,0.9500833177215314,28.51778656126482,0.05,0.03264736175025576,1937876.7,0.0005284133918324113,-0.04284227477755808,True,-0.012441879325259635,VERA,1,2026-07-07,40.46,2026-07-14,41.69,1024,0.030400395452298445,hold
2026-07-07,covered_opposite,486672.0,0.8415524213433278,6.140762463343108,0.05,0.018899268310716585,2290259.35,0.0001148341562277652,-0.007987141892246002,True,0.02576269708752979,NVS,-1,2026-07-08,155.26,2026-07-15,150.02,263,0.03374983897977579,hold
2026-07-07,covered_opposite,1219266.0,0.893353870279332,5.586538461538462,0.05,0.0478266408084927,5798686.05,0.00038922610752482455,0.0,False,0.06161395856052332,ERAS,1,2026-07-08,18.34,2026-07-15,19.47,2257,0.06161395856052332,hold
2026-07-08,uncovered,404000.0,1.0,3.200181983621474,0.05,0.04659552742550058,4053036.85,0.0007298231201623543,4.570423700039508e-05,True,0.036884044723409386,CMPS,1,2026-07-09,13.98,2026-07-16,14.495,2958,0.036838340486408994,hold
2026-07-08,uncovered,56000.0,1.0,39.48344370860927,0.05,0.018588273903920656,3973390.9,0.0001995776453809264,-0.0011622503918778714,True,0.019199297493828562,GSK,-1,2026-07-09,52.079685,2026-07-16,51.01926199999999,793,0.020361547885706432,hold
2026-07-09,uncovered,317940.0,0.8114738629930176,3.876434245366284,0.05,0.029643620700257646,3346546.5,0.0011788271879682533,0.0,False,0.13701236917221693,OCUL,-1,2026-07-10,10.51,2026-07-17,9.07,3945,0.13701236917221693,hold
2026-07-09,uncovered,57000.0,1.0,5.541947926711669,0.05,0.04003921085466412,13860727.4,0.0006865440554007288,-0.045849084344400486,True,-0.016370626294513906,IOVA,1,2026-07-10,4.41,2026-07-17,4.54,9516,0.02947845804988658,hold
2026-07-09,uncovered,234765.0,1.0,16.337349397590362,0.05,0.016457211568267727,2857101.5,0.0002548036882833879,-0.0062463011284920695,True,0.03204710680995864,EXEL,-1,2026-07-10,57.19,2026-07-17,55.0,728,0.03829340793845071,hold
2026-07-10,uncovered,237205.5,1.0,4.578640776699029,0.05,0.017880794428491498,4318432.6,0.00022114505156338438,-0.0024528748041426234,True,-0.0070149185997630415,SNY,-1,2026-07-13,43.84,2026-07-20,44.04,955,-0.0045620437956204185,hold
2026-07-17,covered_opposite,365810.0,1.0,3.0036014405762304,0.05,0.019857209131146792,2436891.75,0.00021297622268202926,-0.00972080100871029,True,-0.023022640889366876,CYTK,-1,2026-07-20,80.44,2026-07-27,81.51,519,-0.013301839880656585,hold
2026-07-20,uncovered,179289.0,1.0,9.899728997289971,0.05,0.04546474574669588,9617012.65,0.0006952262873440226,-0.0012458892907251393,True,-0.05337859071252629,NUVB,-1,2026-07-21,6.329999999999999,2026-07-28,6.66,6686,-0.05213270142180115,hold
2026-07-20,covered_opposite,262490.0,1.0,4.520599250936329,0.05,0.017040037836563653,4310236.55,0.0002206375425033227,0.0054205256661060104,True,-0.021810595615358423,SNY,-1,2026-07-21,43.7,2026-07-28,44.89,951,-0.027231121281464432,hold
2026-07-21,uncovered,1740000.0,1.0,63.46875,0.05,0.03510225028673563,3015121.35,0.000485552596415398,0.0,False,-0.09958071278825997,RARE,1,2026-07-22,28.62,2026-07-29,25.77,1464,-0.09958071278825997,hold
2026-07-21,uncovered,600000.0,0.7083333333333334,107.4,0.05,0.04536709216586313,3918224.4,0.0003685342779244599,0.0,False,-0.0485987938985456,TNGX,1,2026-07-22,28.19,2026-07-29,26.82,1444,-0.0485987938985456,hold
2026-07-21,uncovered,200000.0,1.0,20.0,0.05,0.02837302243012203,2263655.05,0.00035031839325519145,-0.017421707303318885,True,0.02158875891932604,ALKS,-1,2026-07-22,52.54999999999999,2026-07-29,50.5,793,0.039010466222644924,hold
2026-07-22,uncovered,12230000.0,1.0,10.783132530120485,0.05,0.06750555087976656,4511171.5,0.00017068737023187878,-0.027412438613332306,True,-0.03132232504044107,IONS,-1,2026-07-23,53.709999999999994,2026-07-30,53.92,770,-0.003909886427108766,hold
2026-07-27,uncovered,204600.0,1.0,8.103806228373703,0.05,0.03769090348364206,575560.25,0.0034175396928471,0.0,False,-0.5465393794749402,BIOA,1,2026-07-28,20.95,2026-08-03,9.5,1967,-0.5465393794749402,stop
2026-07-27,uncovered,278808.0,1.0,33.75675675675676,0.05,0.02793322464920676,1400351.5,0.0007676644042585023,-0.07136113637347884,True,0.10474953135730049,QURE,1,2026-07-28,37.59,2026-08-04,44.21,1075,0.17611066773077932,hold
2026-07-29,uncovered,701820.0,1.0,70.0625,0.05,0.04064691634966503,1353929.6,0.00035600078467890793,0.0,False,-0.2145868945868945,TWST,-1,2026-07-30,87.75,2026-08-04,106.58,482,-0.2145868945868945,stop
2026-07-28,uncovered,125000.0,1.0,15.144385026737968,0.05,0.017253797811082792,753814.85,0.0005890040505304452,0.0,False,-0.009534127843986995,BNTX,1,2026-07-29,92.3,2026-08-05,91.42,444,-0.009534127843986995,hold
2026-07-29,covered_opposite,263880.0,1.0,8.878787878787879,0.05,0.017247012529620843,3204054.85,0.0002868240535894696,-0.0006831283538450862,True,-0.030654584110267436,SNY,-1,2026-07-30,42.04,2026-08-06,43.3,919,-0.02997145575642235,hold
2026-07-29,uncovered,1230120.0,1.0,201.3,0.05,0.041781691816806056,1357343.3,0.0011507774046551082,0.0,False,-0.005565862708719838,ALMS,-1,2026-07-30,26.95,2026-08-06,27.1,1562,-0.005565862708719838,hold
2026-07-30,covered_opposite,798130.0,0.7218748825379324,27.15483870967742,0.020348528324135584,0.2457180155908107,5056770.5,0.0007914142039865166,-0.06438488676453855,True,-0.034681916467508817,CAPR,1,2026-07-31,4.04,2026-08-07,4.16,4002,0.02970297029702973,hold
2026-07-31,uncovered,183000.0,1.0,11.031319910514542,0.05,0.03596367172794968,3828862.6,0.0016600230052653234,-0.0383915502547106,True,0.11891182053180618,PGEN,1,2026-08-03,6.23,2026-08-10,7.21,6356,0.1573033707865168,hold
2026-07-31,covered_opposite,972215.0,0.9391770338865374,18.734939759036145,0.05,0.016310986255920694,5977122.7,2.643412356249605e-05,-0.003042857754139913,True,0.02002335819336433,ABBV,-1,2026-08-03,251.45,2026-08-10,245.65000000000003,158,0.023066215947504243,hold
2026-08-03,uncovered,457500.0,1.0,11.440233236151604,0.05,0.040291066188830126,3630613.05,0.000845036349990534,0.0,False,-0.1386363636363639,SMMT,-1,2026-08-04,13.2,2026-08-11,15.030000000000001,3068,-0.1386363636363639,hold
2026-08-04,uncovered,544740.0,1.0,4.737186477644493,0.05,0.025705960473076397,2898856.15,0.0003221960496384065,-0.026986988133918727,True,-0.029821857021232606,QGEN,1,2026-08-05,42.33,2026-08-12,42.21,934,-0.0028348688873138794,hold
2026-08-04,uncovered,461260.0,1.0,16.49808429118774,0.05,0.06966326185157755,4833600.6,0.0012700677006701796,0.0,False,0.050458715596330306,BHC,-1,2026-08-05,6.54,2026-08-12,6.21,6139,0.050458715596330306,hold
2026-08-05,uncovered,2927910.0,0.8438476592518213,11.27936507936508,0.05,0.02733835357611044,4163952.15,5.9318645148215744e-05,-0.0016983269194264735,True,-0.024600237184260708,AZN,1,2026-08-06,161.549799,2026-08-13,157.85,247,-0.022901910264834235,hold
2026-08-06,uncovered,12152025.0,0.7564521139480869,1093.8,0.05,0.011866851166863505,461732.45,0.00016026597220966383,0.0,False,-0.06717896941141277,UTHR,1,2026-08-07,534.84,2026-08-14,498.91,74,-0.06717896941141277,hold
2026-08-06,covered_opposite,174420.0,1.0,15.235714285714286,0.05,0.04504017554000913,4426826.4,0.0004922262142468473,-0.006469600522204166,True,-0.0661149524835152,ERAS,1,2026-08-07,18.61,2026-08-14,17.5,2179,-0.059645351961311044,hold
2026-08-07,uncovered,3391132.0,0.7390251986652244,37.6972972972973,0.05,0.044686603621080095,2083827.15,0.000836921622793906,-0.079229125709917,True,-0.04748309396388514,AMLX,-1,2026-08-10,22.68,2026-08-17,21.959999999999997,1744,0.031746031746031855,hold
2026-08-11,uncovered,140000.0,1.0,93.48837209302326,0.05,0.025872074216989626,2356852.7,0.0004327805467011154,0.0,False,0.036363636363636376,INDV,1,2026-08-12,38.5,2026-08-19,39.9,1020,0.036363636363636376,hold
2026-08-11,uncovered,90218.0,1.0,6.3261390887290165,0.05,0.027058960108636256,1081434.3,0.0019446396327543892,-0.023050941051953426,True,-0.04885739266485672,SDGR,1,2026-08-12,18.6,2026-08-19,18.12,2103,-0.02580645161290329,hold
2026-08-11,uncovered,140000.0,1.0,3.0166545981173063,0.05,0.027011740538708036,3433887.75,0.0011048701286173377,0.0,False,-0.038722168441432614,BCRX,1,2026-08-12,10.329999999999998,2026-08-19,9.93,3794,-0.038722168441432614,hold
2026-08-14,uncovered,104940.0,1.0,21.54121863799283,0.05,0.038602099571713414,2087904.55,0.0005876705426979408,-0.03858800003124586,True,-0.00823656233156534,VERA,1,2026-08-17,31.299999999999997,2026-08-24,32.25,1227,0.030351437699680517,hold
2026-08-18,uncovered,105000.0,1.0,16.214285714285715,0.05,0.07043867683026703,5442702.95,0.001033493845185874,-0.003921691305038945,True,-0.04684014624066124,BHC,1,2026-08-19,6.99,2026-08-26,6.69,5625,-0.0429184549356223,hold
2026-08-18,uncovered,235000.0,1.0,31.92105263157895,0.05,0.039993953977265136,909767.2,0.0017213194760154027,-0.04404827064925588,True,0.008738228565814736,ALMS,-1,2026-08-19,25.48,2026-08-26,24.135,1566,0.052786499215070615,hold
2026-08-19,uncovered,450425.0,0.7379363934062274,3.440909090909091,0.05,0.0950919195673812,17918399.15,0.0002724573751891223,-0.001993693039245399,True,-0.0007545356662589887,IOVA,1,2026-08-20,8.07,2026-08-27,8.08,4882,0.0012391573729864103,hold
2026-08-19,uncovered,75150.0,1.0,10.495495495495495,0.05,0.03606939714363024,1139916.35,0.0017238106989166352,-0.005017026372349016,True,-0.009104915999329163,SDGR,1,2026-08-20,19.57,2026-08-27,19.49,1965,-0.004087889626980146,hold
2026-08-19,uncovered,79275.0,1.0,31.522267206477732,0.05,0.06308138613543382,1121112.75,0.0045124810149559,-0.04077883657406363,True,-0.055543937245204636,DNA,1,2026-08-20,7.45,2026-08-27,7.34,5059,-0.014765100671141007,hold
2026-08-20,uncovered,650000.0,1.0,7.063938618925831,0.05,0.046817540937811486,4841612.25,0.0020741024851793945,0.001891291270541273,True,-0.026169933219254482,ARDX,1,2026-08-21,3.92,2026-08-28,3.8100000000000005,10042,-0.028061224489795755,hold
2026-08-21,uncovered,112128.0,1.0,30.937027707808564,0.05,0.030965551420483056,4044844.95,0.001071240073120726,-0.046601772246291084,True,-0.0206716707806765,NVAX,1,2026-08-24,8.87,2026-08-31,9.1,4333,0.025930101465614586,hold
2026-08-21,uncovered,219100.0,1.0,109.6,0.05,0.06415778568891403,3552610.7,0.0012621703807850378,-0.03880561229735217,True,0.0636390908458376,MRVI,-1,2026-08-24,8.59,2026-08-31,7.71,4484,0.10244470314318976,hold
2026-08-21,uncovered,50372.0,1.0,7.035444947209653,0.05,0.04040016727935125,16300475.35,0.0006790599514633173,0.004257504362586831,True,0.037883235356738834,RXRX,-1,2026-08-24,3.4199999999999995,2026-08-31,3.3049999999999997,11069,0.033625730994152,hold
2026-08-24,covered_opposite,370000.0,1.0,6.792954990215264,0.03043548845782826,0.16428190422927016,11890869.9,0.00029173643553193697,-0.058833510601286276,True,0.426683730778024,CAPR,1,2026-08-25,7.25,2026-09-01,10.77,3469,0.4855172413793103,hold
2026-08-26,uncovered,1460600.0,1.0,52.39622641509434,0.05,0.03175397315157677,1146691.3,0.0005537671734319428,0.01243149606299212,True,-0.051901837270341235,SRRK,1,2026-08-27,60.0,2026-09-03,56.14,635,-0.06433333333333335,hold
2026-08-26,uncovered,162500.0,1.0,24.141176470588235,0.05,0.03246762313294287,678422.15,0.0019191590368917051,0.0,False,0.06853051483123096,ZYME,1,2026-08-27,29.33,2026-09-03,31.34,1302,0.06853051483123096,hold
2026-08-27,uncovered,165000.0,1.0,9.953333333333331,0.05,0.04246655252220331,3005696.55,0.0005918761160370631,-0.00795695397757458,True,0.042764311727404566,SRPT,1,2026-08-28,21.49,2026-09-04,22.58,1779,0.050721265704979146,hold
2026-08-31,uncovered,286713.0,1.0,10.173913043478262,0.05,0.0339462593445692,4729033.85,0.0008720597337234117,0.0013129665162568951,True,-0.08781746826635184,NVAX,-1,2026-09-01,9.2,2026-09-09,10.02,4124,-0.08913043478260874,hold
2026-09-01,uncovered,145665.0,1.0,3.717206132879046,0.05,0.025378265168325954,2301921.35,0.0002602174049082954,-0.004655374341851803,True,0.00442154873507129,BMRN,-1,2026-09-02,65.0,2026-09-10,64.41,599,0.009076923076923094,hold
2026-09-01,covered_opposite,2175113.0,0.7874170215524435,11.962864385297843,0.05,0.014340384299629128,37373699.5,3.6442739632987094e-05,-0.0017851687162953776,True,0.036422542294472206,PFE,-1,2026-09-02,28.789999999999996,2026-09-10,27.689999999999998,1362,0.03820771101076759,hold
2026-09-04,uncovered,1718100.0,0.787556021186194,401.3,0.05,0.03936883780770063,496858.2,0.0027190856465687794,-0.022844828385254954,True,-0.256834094932661,TYRA,1,2026-09-08,27.95,2026-09-10,21.41,1351,-0.23398926654740604,stop
2026-09-02,uncovered,125000.0,1.0,4.564459930313589,0.05,0.035395409707298826,3467048.45,0.0006830017042305826,-0.019979457479457483,True,-0.040125977625977555,ERAS,1,2026-09-03,16.38,2026-09-11,16.05,2368,-0.020146520146520075,hold
2026-09-04,uncovered,665490.0,0.8330703692016409,42.08,0.05,0.026761922234264972,653033.2,0.001681384652418897,-0.017176738245673954,True,0.027745136754326157,PHVS,-1,2026-09-08,40.96,2026-09-15,39.12,1098,0.04492187500000011,hold
2026-09-08,uncovered,51740.0,1.0,4.233144297416509,0.05,0.03633592030280379,2237017.75,0.0012547955866689033,-0.0010593235221804684,True,-0.02570721084612421,CMPS,1,2026-09-09,14.200000000000001,2026-09-16,13.85,2807,-0.02464788732394374,hold
2026-09-11,uncovered,935000.0,1.0,13.168539325842696,0.05,0.01998111586705495,952651.3,0.00033800405247964285,-0.032706447466918254,True,0.06107033977806725,ABVX,-1,2026-09-14,116.66,2026-09-21,105.71999999999998,322,0.0937767872449855,hold
2026-09-14,uncovered,67957989.0,0.833522634108552,23.148387096774194,0.05,0.01723258621600211,5345045.45,4.9391535108461985e-05,0.0,False,0.04613130373189267,GILD,1,2026-09-15,144.002,2026-09-22,150.645,264,0.04613130373189267,hold
2026-09-16,uncovered,572500.0,1.0,5.623242736644799,0.05,0.036832126999317295,2211670.8,0.0017574948315092827,-0.024640989252007188,True,-0.007825954632818315,OCUL,-1,2026-09-17,10.11,2026-09-24,9.94,3887,0.016815034619188873,hold
2026-09-16,uncovered,1039640.0,1.0,57.8,0.05,0.07077468172189372,5013817.2,0.0011187085161381632,-0.053697368279898114,True,-0.10670596426843702,MRVI,-1,2026-09-17,6.9799999999999995,2026-09-24,7.3500000000000005,5609,-0.05300859598853891,hold
2026-09-16,uncovered,3318000.0,0.7938517179023508,11.666666666666666,0.05,0.01976064902054124,1374834.1,0.0010132131578639196,0.0,False,0.12239020878329743,ACAD,-1,2026-09-17,27.78,2026-09-24,24.38,1393,0.12239020878329743,hold
2026-09-17,uncovered,100700.0,1.0,31.51304347826087,0.05,0.03436436065351068,1440492.0,0.0021076132321456837,0.006351230034538223,True,-0.06462668794653434,IMMX,1,2026-09-18,12.679999999999998,2026-09-25,11.779999999999998,3036,-0.07097791798107256,hold
2026-09-17,uncovered,5685720.0,1.0,5.614525139664805,0.05,0.0689531312674312,3867905.5,0.0007187352431438669,0.0002451769927341746,True,-0.05803485143654798,BHVN,1,2026-09-18,14.07,2026-09-25,13.25,2780,-0.05828002842928215,hold
2026-09-21,uncovered,356600.0,0.7442512619181155,3.2632743362831858,0.05,0.020847966826047542,1864247.7,0.0003583214827085478,-0.013418047201190723,True,0.010445391224170705,TGTX,-1,2026-09-22,57.41,2026-09-29,56.04,668,0.023863438425361427,hold
2026-09-24,uncovered,1729310.0,0.7380458101786261,4.017809439002671,0.05,0.032883776786987236,1378299.45,0.0007146487651866944,0.0,False,0.3789763057991885,QURE,-1,2026-09-25,38.195,2026-10-02,23.719999999999995,985,0.3789763057991885,hold
2026-09-24,covered_opposite,5740000.0,0.9825783972125436,112.9090909090909,0.05,0.026929416845752653,767916.6,0.0014793273123669941,-0.19393695658662846,True,1.8018244724173074,KOD,1,2026-09-25,33.03,2026-10-02,98.95,1136,1.9957614290039358,hold
2026-09-24,uncovered,260000.0,0.7819230769230769,30.24561403508772,0.05,0.04157995423427882,1091441.35,0.0037968141852056454,-0.0010860397797829192,True,0.015379382832730906,SGMT,1,2026-09-25,9.11,2026-10-02,9.26,4144,0.016465422612513825,hold
2026-09-24,covered_opposite,3799811.0,0.8308731671127854,10.360742705570292,0.05,0.07974575740760663,6171467.7,0.00016641098194518621,-0.018763233953107375,True,0.16509919990932637,VKTX,-1,2026-09-25,37.8,2026-10-02,30.85,1027,0.18386243386243373,hold
