logged_at,variant,period,spec,sharpe,ann_return,max_drawdown,n_trades
2026-10-04T02:07:16+00:00,baseline,is,{},-0.5554642414486727,-0.11506126762677482,-0.2777575296854037,501
2026-10-04T02:07:22+00:00,baseline ×2 costs,is,"{""cost_mult"": 2}",-1.0807333730659212,-0.18624639391800435,-0.38921896385960575,501
2026-10-04T02:07:28+00:00,no XBI hedge,is,"{""hedge"": false}",-0.4343284078312185,-0.09755809377594693,-0.26377738133537587,501
2026-10-04T02:07:33+00:00,no options tail hedge,is,"{""tail_hedge"": false}",-0.1413274786857601,-0.04661990628767099,-0.2212622517124686,501
2026-10-04T02:07:38+00:00,no hedges at all,is,"{""hedge"": false, ""tail_hedge"": false}",-0.07253235173255447,-0.03571806565075919,-0.20504704135546248,501
2026-10-04T02:07:51+00:00,no news filter (trade every whale day),is,"{""news_rule"": ""ignore""}",-0.5015185065618121,-0.10484027415690167,-0.2615467288120381,545
2026-10-04T02:07:53+00:00,P2 shadow: only days the news already covered,is,"{""news_rule"": ""covered_same_only""}",-0.3006132650272942,-0.019522563792074066,-0.09350147784221907,62
2026-10-04T02:08:01+00:00,news: trade only uncovered days,is,"{""news_rule"": ""uncovered_only""}",-0.4749949238106312,-0.09783038615621198,-0.22863846225929974,431
2026-10-04T02:08:15+00:00,SPIKE_MULT=2.0,is,"{""SPIKE_MULT"": 2.0}",-0.5183838911993047,-0.11508032192014972,-0.27657719463400987,539
2026-10-04T02:08:22+00:00,SPIKE_MULT=4.0,is,"{""SPIKE_MULT"": 4.0}",-0.45964235140979987,-0.0966407651284018,-0.24814425179925692,450
2026-10-04T02:08:47+00:00,WHALE_MIN_PREMIUM=25000,is,"{""WHALE_MIN_PREMIUM"": 25000}",0.039232713475709835,-0.02781078199971021,-0.2622436353399329,579
2026-10-04T02:08:58+00:00,WHALE_MIN_PREMIUM=100000,is,"{""WHALE_MIN_PREMIUM"": 100000}",-0.3288870648601433,-0.08193906925547367,-0.2348487011888698,402
2026-10-04T02:09:13+00:00,ONE_SIDED_MIN=0.55,is,"{""ONE_SIDED_MIN"": 0.55}",-0.5991204595140389,-0.11813649721911934,-0.2750629120670012,563
2026-10-04T02:09:19+00:00,ONE_SIDED_MIN=0.75,is,"{""ONE_SIDED_MIN"": 0.75}",-0.39291298747073045,-0.09294313110146157,-0.23475966095148926,443
2026-10-04T02:09:28+00:00,HOLD_SESSIONS=3,is,"{""HOLD_SESSIONS"": 3}",-0.2852986893693775,-0.09255518821592223,-0.22381951578746728,537
2026-10-04T02:09:34+00:00,HOLD_SESSIONS=10,is,"{""HOLD_SESSIONS"": 10}",-0.30986668841215753,-0.067310513290469,-0.229220680935165,393
2026-10-04T02:16:39+00:00,baseline,oos,{},-0.7579944375850738,-0.2569353151175995,-0.27334724273810673,149
2026-10-04T02:16:40+00:00,baseline ×2 costs,oos,"{""cost_mult"": 2}",-1.0941651703598165,-0.3132644833975061,-0.3008798455939614,149
2026-10-04T02:16:41+00:00,no XBI hedge,oos,"{""hedge"": false}",-0.3110702829436435,-0.15727855173191885,-0.23348116537984598,149
2026-10-04T02:16:42+00:00,no options tail hedge,oos,"{""tail_hedge"": false}",0.6993671908262917,0.18782134064867329,-0.1506127684251265,149
2026-10-04T02:16:43+00:00,no hedges at all,oos,"{""hedge"": false, ""tail_hedge"": false}",1.455683451286166,0.5081644969339161,-0.13053448151404712,149
2026-10-04T02:16:46+00:00,no news filter (trade every whale day),oos,"{""news_rule"": ""ignore""}",-0.7830465333148904,-0.2506766049957919,-0.26660819968259086,165
2026-10-04T02:16:46+00:00,P2 shadow: only days the news already covered,oos,"{""news_rule"": ""covered_same_only""}",-0.7859194860737255,-0.06826225138820885,-0.06187989048219633,18
